"","Species","Gene","Class","Mut","Observed","Expected","MutSpec","Longevity","GhAhSkew","ThChSkew","Mass","log_mass"
"Cardinalis_cardinalis","Cardinalis_cardinalis","Cytb","Aves","A>G",14.556906,62.1304347826087,0.358368848264303,20.0166666666667,0.249159537573733,0.770911641875207,42.6,1.62940959910272
"Catharus_fuscescens","Catharus_fuscescens","Cytb","Aves","A>G",5,51.85,0.205371466780713,10.0933333333333,0.57206211799954,0.756238744832778,31.9,1.50379068305718
"Corvus_corax","Corvus_corax","Cytb","Aves","A>G",5.98041,50.0769230769231,0.206146372129675,31.54175,0.26196528078765,0.835316754005076,928,2.96754797621886
"Eopsaltria_australis","Eopsaltria_australis","Cytb","Aves","A>G",12.735429,48.36,0.379960805438997,14.6548,0.445770481150566,0.852750317611399,20.1,1.30319605742049
"Gallus_gallus","Gallus_gallus","Cytb","Aves","A>G",6.99993,42.0384615384616,0.10220733665165,30,0.469551433486721,0.854523278134003,751.7,2.8760445502461
"Garrulus_glandarius","Garrulus_glandarius","Cytb","Aves","A>G",15.834789,64.3255813953488,0.330494203958653,17.2166666666667,0.303143003357931,0.841625535255396,159.5,2.2027606873932
"Larus_dominicanus","Larus_dominicanus","Cytb","Aves","A>G",6.99784,61.9411764705882,0.188539369179242,19.2154,0.450868606631868,0.801520386088907,952.4,2.97881938673284
"Loxia_curvirostra","Loxia_curvirostra","Cytb","Aves","A>G",7.849754,37.2222222222222,0.401515017059211,10.6325,0.438071629754146,0.821349602821305,38.3,1.58319877396862
"Oenanthe_oenanthe","Oenanthe_oenanthe","Cytb","Aves","A>G",15.99975,44.7631578947368,0.499379435489098,9.84165,0.570462943285949,0.840050015484289,25.4,1.40483371661994
"Passer_montanus","Passer_montanus","Cytb","Aves","A>G",3.99991,26.75,0.318270276762124,13.0887666666667,0.618189429399149,0.67604765160287,21.4,1.33041377334919
"Phasianus_colchicus","Phasianus_colchicus","Cytb","Aves","A>G",12.99653,60.9433962264151,0.167262757622345,27,0.346630015086388,0.8699583188481,1120.3,3.04933433597228
"Pica_pica","Pica_pica","Cytb","Aves","A>G",25.949013,70.9673913043478,0.16057299770355,16.4222333333333,0.279309236050904,0.872944598131857,217.5,2.33745926129066
"Pinicola_enucleator","Pinicola_enucleator","Cytb","Aves","A>G",14.865831,46.1923076923077,0.52402940897358,9.75,0.388721008171755,0.867583630225794,56.4,1.75127910398334
"Regulus_satrapa","Regulus_satrapa","Cytb","Aves","A>G",11.769378,61.7037037037037,0.246280009675044,5.64333333333333,0.291696901914965,0.821261791015699,6.2,0.792391689498254
"Sitta_europaea","Sitta_europaea","Cytb","Aves","A>G",2.98018,34.75,0.150165956360124,12.8834333333333,0.566969487893903,0.857816391477296,20.4,1.3096301674259
"Thraupis_episcopus","Thraupis_episcopus","Cytb","Aves","A>G",14.99859,41.7450980392157,0.338227625590643,9.25,0.532501123537586,0.808782574308888,35,1.54406804435028
"Toxostoma_redivivum","Toxostoma_redivivum","Cytb","Aves","A>G",10.99913,38.44,0.3436463507231,6.90666666666667,0.587226138958558,0.832930641101391,84.4,1.92634244662566
"Upupa_epops","Upupa_epops","Cytb","Aves","A>G",14.99993,60.462962962963,0.236155161493319,11.1,0.567704479701001,0.857004031252976,66.9,1.82542611776782
"Vireo_olivaceus","Vireo_olivaceus","Cytb","Aves","A>G",17.99721,35.8095238095238,0.261388188329183,10.1233333333333,0.52609993240119,0.834014503056821,16.1,1.20682587603185
"Zonotrichia_albicollis","Zonotrichia_albicollis","Cytb","Aves","A>G",7.9935,40.8333333333333,0.496460662402145,9.71666666666667,0.593540949234911,0.857084385915352,24.4,1.38738982633873
