Mut	ObsNum	ExpNum	MutSpec	MutSpec_q05	MutSpec_median	MutSpec_q95
A>C	611	10.7503	0.0462245	0.042749	0.0461932	0.049122
A>G	897	10.7503	0.0678615	0.0649042	0.0679413	0.0716439
A>T	417	10.7503	0.0315477	0.0286516	0.0315493	0.0339709
C>A	793	10.2372	0.0630006	0.0593489	0.0626706	0.0666649
C>G	69	10.2372	0.00548177	0.00456886	0.00544483	0.00659398
C>T	2807	10.2372	0.223005	0.218399	0.223056	0.231541
G>A	532	0.551415	0	0	0	0
G>C	61	0.551415	0	0	0	0
G>T	31	0.551415	0	0	0	0
T>A	411	3.94601	0.0847101	0.0791869	0.0845962	0.0926508
T>C	2279	3.94601	0.469719	0.458992	0.469167	0.47855
T>G	41	3.94601	0.0084504	0.00661275	0.00831305	0.0104576
