# Supplementary Table S5. Average mutational spectra of the CYTB gene for five classes of Chordata and human cancers,,,,,,
Mut,Actinopteri,Amphibia,Aves,Lepidosauria,Mammalia,Human Cancers
A[C>A]A,0.00013,0.00000,0.00000,0.00002,0.00034,0.00000
A[C>A]C,0.00092,0.00023,0.00000,0.00238,0.00105,0.00000
A[C>A]G,0.00050,0.00000,0.00000,0.00015,0.00028,0.00000
A[C>A]T,0.00000,0.00000,0.00000,0.00000,0.00000,0.00000
C[C>A]A,0.00184,0.00094,0.00090,0.00618,0.00142,0.00000
C[C>A]C,0.00105,0.00417,0.00026,0.00114,0.00147,0.00000
C[C>A]G,0.00052,0.00140,0.00000,0.00256,0.00154,0.00000
C[C>A]T,0.00000,0.00000,0.00000,0.00000,0.00000,0.00000
G[C>A]A,0.00090,0.00062,0.00013,0.00115,0.00055,0.00000
G[C>A]C,0.00003,0.00000,0.00000,0.00017,0.00070,0.00000
G[C>A]G,0.00139,0.00128,0.00162,0.00144,0.00160,0.00000
G[C>A]T,0.00000,0.00000,0.00000,0.00000,0.00000,0.00000
T[C>A]A,0.00147,0.00179,0.00007,0.00040,0.00177,0.00000
T[C>A]C,0.00121,0.00058,0.00025,0.00064,0.00117,0.00000
T[C>A]G,0.00242,0.00201,0.00115,0.00444,0.00131,0.00000
T[C>A]T,0.00000,0.00000,0.00000,0.00000,0.00000,0.00000
T[G>T]T,0.00000,0.00000,0.00000,0.00000,0.00000,0.00000
G[G>T]T,0.00000,0.00000,0.00000,0.00000,0.00000,0.00000
C[G>T]T,0.00000,0.00000,0.00000,0.00000,0.00000,0.00000
A[G>T]T,0.00000,0.00000,0.00000,0.00000,0.00000,0.00000
T[G>T]G,0.00094,0.00194,0.00083,0.00115,0.00109,0.00034
G[G>T]G,0.00088,0.00240,0.00104,0.00135,0.00073,0.00046
C[G>T]G,0.00095,0.00231,0.00203,0.00145,0.00297,0.00160
A[G>T]G,0.00111,0.00228,0.00155,0.00238,0.00147,0.00027
T[G>T]C,0.00221,0.00000,0.00041,0.00154,0.00094,0.00000
G[G>T]C,0.00111,0.00111,0.00046,0.00291,0.00163,0.00000
C[G>T]C,0.00176,0.00368,0.00257,0.00389,0.00176,0.00311
A[G>T]C,0.00181,0.00205,0.00095,0.00330,0.00114,0.00000
T[G>T]A,0.00163,0.00562,0.00119,0.00200,0.00208,0.00147
G[G>T]A,0.00219,0.00377,0.00237,0.00283,0.00260,0.00070
C[G>T]A,0.00345,0.00632,0.00174,0.00529,0.00353,0.00165
A[G>T]A,0.00353,0.00403,0.00342,0.00538,0.00471,0.00056
A[C>G]A,0.00231,0.00286,0.00051,0.00114,0.00132,0.00294
A[C>G]C,0.00241,0.00074,0.00369,0.00176,0.00303,0.00000
A[C>G]G,0.00411,0.00058,0.00127,0.00371,0.00111,0.00529
A[C>G]T,0.00000,0.00000,0.00000,0.00000,0.00000,0.00000
C[C>G]A,0.00167,0.00323,0.00046,0.00075,0.00045,0.00000
C[C>G]C,0.00158,0.00082,0.00218,0.00236,0.00090,0.00000
C[C>G]G,0.00263,0.00038,0.00000,0.00138,0.00073,0.00000
C[C>G]T,0.00000,0.00000,0.00000,0.00000,0.00000,0.00000
G[C>G]A,0.00226,0.00073,0.00432,0.00226,0.00325,0.00156
G[C>G]C,0.00499,0.00000,0.00039,0.00025,0.00064,0.00000
G[C>G]G,0.00396,0.00524,0.00151,0.00163,0.00106,0.00000
G[C>G]T,0.00000,0.00000,0.00000,0.00000,0.00000,0.00000
T[C>G]A,0.00215,0.00014,0.00146,0.00100,0.00156,0.00000
T[C>G]C,0.00269,0.00000,0.00000,0.00027,0.00135,0.00000
T[C>G]G,0.00406,0.00000,0.00552,0.00000,0.00106,0.00441
T[C>G]T,0.00000,0.00000,0.00000,0.00000,0.00000,0.00000
T[G>C]T,0.00000,0.00000,0.00000,0.00000,0.00000,0.00000
G[G>C]T,0.00000,0.00000,0.00000,0.00000,0.00000,0.00000
C[G>C]T,0.00000,0.00000,0.00000,0.00000,0.00000,0.00000
A[G>C]T,0.00000,0.00000,0.00000,0.00000,0.00000,0.00000
T[G>C]G,0.00044,0.00008,0.00031,0.00057,0.00026,0.00000
G[G>C]G,0.00048,0.00011,0.00016,0.00024,0.00014,0.00015
C[G>C]G,0.00089,0.00006,0.00000,0.00028,0.00058,0.00000
A[G>C]G,0.00082,0.00006,0.00002,0.00007,0.00023,0.00000
T[G>C]C,0.00037,0.00014,0.00000,0.00021,0.00061,0.00000
G[G>C]C,0.00160,0.00200,0.00062,0.00105,0.00089,0.00083
C[G>C]C,0.00148,0.00030,0.00085,0.00077,0.00106,0.00000
A[G>C]C,0.00227,0.00024,0.00048,0.00120,0.00089,0.00000
T[G>C]A,0.00089,0.00000,0.00011,0.00026,0.00030,0.00000
G[G>C]A,0.00048,0.00039,0.00063,0.00004,0.00022,0.00070
C[G>C]A,0.00080,0.00000,0.00089,0.00119,0.00022,0.00000
A[G>C]A,0.00063,0.00032,0.00007,0.00018,0.00064,0.00000
A[C>T]A,0.02849,0.03806,0.03218,0.03180,0.02946,0.02645
A[C>T]C,0.03718,0.02394,0.02274,0.05052,0.04252,0.04628
A[C>T]G,0.02837,0.03135,0.02158,0.02677,0.02241,0.09521
A[C>T]T,0.03048,0.03462,0.01971,0.03974,0.02557,0.05289
C[C>T]A,0.02339,0.01898,0.01896,0.03289,0.02775,0.02896
C[C>T]C,0.04159,0.03188,0.04320,0.04393,0.04536,0.03967
C[C>T]G,0.03185,0.03144,0.02872,0.02869,0.02568,0.05818
C[C>T]T,0.01343,0.00767,0.00561,0.02433,0.00741,0.03702
G[C>T]A,0.02529,0.02465,0.02439,0.03083,0.02765,0.02562
G[C>T]C,0.03866,0.03792,0.02787,0.02137,0.02891,0.04114
G[C>T]G,0.03791,0.02528,0.02043,0.02469,0.01892,0.03847
G[C>T]T,0.01493,0.01995,0.03314,0.02412,0.02082,0.03255
T[C>T]A,0.02444,0.03057,0.02655,0.02106,0.01456,0.02765
T[C>T]C,0.02285,0.03556,0.02047,0.01432,0.03061,0.05289
T[C>T]G,0.02536,0.02215,0.01809,0.02829,0.02009,0.04848
T[C>T]T,0.02037,0.02354,0.01542,0.01562,0.01974,0.02645
T[G>A]T,0.00888,0.01566,0.00659,0.00839,0.01190,0.00346
G[G>A]T,0.00685,0.00955,0.00717,0.00725,0.01249,0.00278
C[G>A]T,0.00532,0.01163,0.00856,0.00879,0.00869,0.00153
A[G>A]T,0.00534,0.00874,0.00468,0.00578,0.00820,0.00199
T[G>A]G,0.00819,0.01426,0.00908,0.00765,0.01099,0.00458
G[G>A]G,0.00423,0.00626,0.00655,0.00569,0.00815,0.00400
C[G>A]G,0.00497,0.00701,0.00870,0.00640,0.00921,0.00321
A[G>A]G,0.00366,0.00574,0.00479,0.00440,0.00530,0.00098
T[G>A]C,0.00705,0.00753,0.00517,0.00732,0.00903,0.00595
G[G>A]C,0.00393,0.00816,0.00646,0.00501,0.00783,0.00418
C[G>A]C,0.00663,0.01527,0.01896,0.01168,0.01079,0.00240
A[G>A]C,0.00413,0.00637,0.00585,0.00546,0.00629,0.00176
T[G>A]A,0.01140,0.01768,0.00569,0.00886,0.01201,0.00434
G[G>A]A,0.00655,0.01150,0.00678,0.00629,0.00913,0.00285
C[G>A]A,0.00977,0.01569,0.00907,0.00892,0.01084,0.00367
A[G>A]A,0.00634,0.00830,0.00367,0.00490,0.00656,0.00232
A[T>A]A,0.00118,0.00074,0.00015,0.00099,0.00074,0.00000
A[T>A]C,0.00069,0.00051,0.00029,0.00038,0.00032,0.00331
A[T>A]G,0.00040,0.00138,0.00039,0.00068,0.00055,0.00000
A[T>A]T,0.00000,0.00000,0.00000,0.00000,0.00000,0.00000
C[T>A]A,0.00049,0.00049,0.00026,0.00065,0.00045,0.00026
C[T>A]C,0.00039,0.00033,0.00082,0.00034,0.00058,0.00098
C[T>A]G,0.00043,0.00035,0.00015,0.00047,0.00061,0.00057
C[T>A]T,0.00000,0.00000,0.00000,0.00000,0.00000,0.00000
G[T>A]A,0.00210,0.00449,0.00096,0.00118,0.00238,0.00076
G[T>A]C,0.00055,0.00052,0.00050,0.00011,0.00130,0.00000
G[T>A]G,0.00108,0.00244,0.00069,0.00108,0.00095,0.00000
G[T>A]T,0.00000,0.00000,0.00000,0.00000,0.00000,0.00000
T[T>A]A,0.00179,0.00189,0.00043,0.00146,0.00162,0.00080
T[T>A]C,0.00159,0.00077,0.00011,0.00069,0.00069,0.00000
T[T>A]G,0.00127,0.00208,0.00104,0.00089,0.00108,0.00026
T[T>A]T,0.00000,0.00000,0.00000,0.00000,0.00000,0.00000
T[A>T]T,0.00000,0.00000,0.00000,0.00000,0.00000,0.00000
G[A>T]T,0.00000,0.00000,0.00000,0.00000,0.00000,0.00000
C[A>T]T,0.00000,0.00000,0.00000,0.00000,0.00000,0.00000
A[A>T]T,0.00000,0.00000,0.00000,0.00000,0.00000,0.00000
T[A>T]G,0.00056,0.00059,0.00183,0.00054,0.00084,0.00039
G[A>T]G,0.00135,0.00096,0.00071,0.00113,0.00095,0.00000
C[A>T]G,0.00043,0.00049,0.00000,0.00086,0.00067,0.00000
A[A>T]G,0.00041,0.00075,0.00004,0.00063,0.00099,0.00000
T[A>T]C,0.00150,0.00079,0.00075,0.00021,0.00134,0.00000
G[A>T]C,0.00101,0.00063,0.00450,0.00249,0.00163,0.00000
C[A>T]C,0.00061,0.00161,0.00049,0.00129,0.00109,0.00000
A[A>T]C,0.00071,0.00000,0.00000,0.00067,0.00173,0.00000
T[A>T]A,0.00231,0.00217,0.00121,0.00215,0.00208,0.00000
G[A>T]A,0.00039,0.00079,0.00098,0.00045,0.00125,0.00000
C[A>T]A,0.00072,0.00038,0.00014,0.00096,0.00136,0.00000
A[A>T]A,0.00126,0.00035,0.00000,0.00119,0.00126,0.00000
A[T>C]A,0.00933,0.00618,0.00595,0.00518,0.00454,0.00236
A[T>C]C,0.01449,0.01277,0.00959,0.01171,0.01127,0.00626
A[T>C]G,0.00638,0.00459,0.00406,0.00300,0.00284,0.00034
A[T>C]T,0.01235,0.01158,0.00727,0.01800,0.00842,0.00311
C[T>C]A,0.00992,0.00748,0.00428,0.00476,0.00373,0.00117
C[T>C]C,0.01518,0.01543,0.00740,0.01411,0.00828,0.00399
C[T>C]G,0.00634,0.00401,0.00305,0.00245,0.00267,0.00086
C[T>C]T,0.00678,0.00271,0.00244,0.00417,0.00421,0.00162
G[T>C]A,0.01054,0.00518,0.00830,0.00506,0.00518,0.00262
G[T>C]C,0.01259,0.00986,0.00664,0.01001,0.00953,0.00308
G[T>C]G,0.01011,0.00515,0.00538,0.00513,0.00419,0.00113
G[T>C]T,0.00984,0.00485,0.00630,0.00462,0.00581,0.00168
T[T>C]A,0.00749,0.00653,0.00328,0.00235,0.00413,0.00114
T[T>C]C,0.00692,0.00402,0.00368,0.00434,0.00501,0.00361
T[T>C]G,0.00671,0.00528,0.00259,0.00226,0.00243,0.00026
T[T>C]T,0.00686,0.00414,0.00358,0.00237,0.00340,0.00034
T[A>G]T,0.01295,0.01207,0.02520,0.01312,0.01755,0.00938
G[A>G]T,0.01995,0.01480,0.03024,0.02355,0.02579,0.01867
C[A>G]T,0.00857,0.00578,0.01716,0.00877,0.01315,0.00979
A[A>G]T,0.01167,0.01347,0.02819,0.01331,0.01890,0.00882
T[A>G]G,0.01092,0.01114,0.01829,0.01083,0.01603,0.00671
G[A>G]G,0.01471,0.01515,0.02716,0.01827,0.01918,0.01949
C[A>G]G,0.00769,0.00569,0.02170,0.00956,0.01325,0.00635
A[A>G]G,0.00921,0.00657,0.02061,0.01012,0.01468,0.01221
T[A>G]C,0.01241,0.01222,0.00818,0.01346,0.01702,0.00000
G[A>G]C,0.01148,0.01095,0.02748,0.01640,0.02251,0.04679
C[A>G]C,0.00875,0.01558,0.02697,0.02268,0.01374,0.01133
A[A>G]C,0.01339,0.01444,0.01596,0.01693,0.01719,0.01058
T[A>G]A,0.00890,0.01067,0.01792,0.00847,0.01362,0.00882
G[A>G]A,0.00953,0.00928,0.02201,0.01074,0.01523,0.00776
C[A>G]A,0.00649,0.00727,0.01989,0.00697,0.01045,0.00999
A[A>G]A,0.00648,0.00751,0.01667,0.00865,0.01138,0.00619
A[T>G]A,0.00078,0.00101,0.00062,0.00088,0.00045,0.00000
A[T>G]C,0.00235,0.00063,0.00066,0.00063,0.00047,0.00000
A[T>G]G,0.00119,0.00124,0.00148,0.00144,0.00064,0.00034
A[T>G]T,0.00000,0.00000,0.00000,0.00000,0.00000,0.00000
C[T>G]A,0.00062,0.00086,0.00043,0.00028,0.00024,0.00051
C[T>G]C,0.00057,0.00026,0.00015,0.00099,0.00036,0.00000
C[T>G]G,0.00101,0.00073,0.00037,0.00059,0.00052,0.00000
C[T>G]T,0.00000,0.00000,0.00000,0.00000,0.00000,0.00000
G[T>G]A,0.00108,0.00059,0.00063,0.00077,0.00062,0.00000
G[T>G]C,0.00114,0.00047,0.00184,0.00017,0.00061,0.00132
G[T>G]G,0.00207,0.00144,0.00118,0.00171,0.00089,0.00264
G[T>G]T,0.00000,0.00000,0.00000,0.00000,0.00000,0.00000
T[T>G]A,0.00046,0.00035,0.00036,0.00039,0.00037,0.00000
T[T>G]C,0.00040,0.00000,0.00000,0.00023,0.00039,0.00000
T[T>G]G,0.00083,0.00129,0.00018,0.00073,0.00054,0.00026
T[T>G]T,0.00000,0.00000,0.00000,0.00000,0.00000,0.00000
T[A>C]T,0.00000,0.00000,0.00000,0.00000,0.00000,0.00000
G[A>C]T,0.00000,0.00000,0.00000,0.00000,0.00000,0.00000
C[A>C]T,0.00000,0.00000,0.00000,0.00000,0.00000,0.00000
A[A>C]T,0.00000,0.00000,0.00000,0.00000,0.00000,0.00000
T[A>C]G,0.00044,0.00020,0.00011,0.00036,0.00028,0.00000
G[A>C]G,0.00110,0.00041,0.00034,0.00007,0.00037,0.00000
C[A>C]G,0.00100,0.00168,0.00009,0.00134,0.00046,0.00000
A[A>C]G,0.00050,0.00051,0.00005,0.00036,0.00006,0.00000
T[A>C]C,0.00224,0.00053,0.00028,0.00114,0.00054,0.00000
G[A>C]C,0.00073,0.00000,0.00101,0.00080,0.00072,0.00000
C[A>C]C,0.00244,0.00423,0.00000,0.00260,0.00176,0.00000
A[A>C]C,0.00148,0.00027,0.00000,0.00117,0.00078,0.00000
T[A>C]A,0.00035,0.00000,0.00111,0.00016,0.00019,0.00000
G[A>C]A,0.00039,0.00010,0.00000,0.00080,0.00014,0.00000
C[A>C]A,0.00087,0.00144,0.00005,0.00110,0.00161,0.00721
A[A>C]A,0.00007,0.00000,0.00000,0.00002,0.00000,0.00000