"","species_name","med_c","med_a","realm"
"1","Acanthisitta chloris",0.79820832671222,0.888034476930877,"Australian"
"2","Acanthorhynchus tenuirostris",0.766073871409029,0.896495396495397,"Australian"
"3","Accipiter gentilis",0.777245901639344,0.956595365418895,"Palearctic"
"4","Accipiter nisus",0.717142857142857,0.948317307692308,"Palearctic"
"5","Accipiter trivirgatus",0.795161290322581,0.938412326545323,"Indo_Malay"
"6","Accipiter virgatus",0.799913068675746,0.957655866183179,"Indo_Malay"
"7","Aceros waldeni",0.833333333333333,0.896216568819309,"Indo_Malay"
"8","Acridotheres cristatellus",0.838634882438462,0.885982814178303,"Palearctic"
"9","Acridotheres tristis",0.824808184143222,0.876026964398568,"Indo_Malay"
"10","Acrocephalus scirpaceus",0.826505016722408,0.854963740935234,"Palearctic"
"11","Acryllium vulturinum",0.771599090564608,0.911603985856638,"Afrotropic"
"12","Aegithalos fuliginosus",0.768770032051282,0.936046511627907,"Palearctic"
"13","Aegotheles bennettii",0.693023255813954,0.947017543859649,"Australian"
"14","Aegotheles cristatus",0.718424008987322,0.903127221037669,"Australian"
"15","Aethia cristatella",0.759711431742508,0.913025210084034,"Nearctic"
"16","Aethopyga gouldiae",0.801114023591088,0.92313154624534,"Palearctic"
"17","Agapornis lilianae",0.85896164021164,0.897283755274262,"Afrotropic"
"18","Agapornis nigrigenis",0.857744107744108,0.886217948717949,"Afrotropic"
"19","Agapornis pullarius",0.85896164021164,0.897283755274262,"Afrotropic"
"20","Agapornis roseicollis",0.850074892342258,0.875841317602344,"Afrotropic"
"21","Agelaioides badius",0.790816326530612,0.9203013481364,"Neotropic"
"22","Agelaius phoeniceus",0.808263305322129,0.927473763118441,"Nearctic"
"23","Agelasticus cyanopus",0.782108945527236,0.943958333333333,"Neotropic"
"24","Agelasticus thilius",0.786921850079745,0.937225877192982,"Neotropic"
"25","Agelasticus xanthophthalmus",0.780839231547017,0.954887854422344,"Neotropic"
"26","Aix galericulata",0.836604222420458,0.861372549019608,"Palearctic"
"27","Alauda arvensis",0.829351293867423,0.920212765957447,"Palearctic"
"28","Alcedo atthis",0.738715472715024,0.916666666666667,"Palearctic"
"29","Aleadryas rufinucha",0.74668498797664,0.860421315290674,"Australian"
"30","Alectoris chukar",0.73368850302552,0.922517626321974,"Palearctic"
"31","Alectura lathami",0.75974025974026,0.842550707719247,"Australian"
"32","Amaurornis akool",0.73005733005733,0.931536658855038,"Indo_Malay"
"33","Amaurornis phoenicurus",0.704950563988302,0.943137433009356,"Indo_Malay"
"34","Amazilia brevirostris",0.783625730994152,0.889855072463768,"Neotropic"
"35","Amazilia versicolor",0.787044534412956,0.893923895253683,"Neotropic"
"36","Amazona aestiva",0.821434426229508,0.891223155929038,"Neotropic"
"37","Amazona guildingii",0.810665712240515,0.909601964331869,"Neotropic"
"38","Amazona ochrocephala",0.813237704918033,0.895570798932274,"Neotropic"
"39","Amazona ventralis",0.824956293706294,0.925429553264605,"Neotropic"
"40","Amblyramphus holosericeus",0.769097222222222,0.928188131313131,"Neotropic"
"41","Anas acuta",0.865536723163842,0.801960784313726,"Palearctic"
"42","Anas crecca",0.838103448275862,0.818518518518518,"Palearctic"
"43","Anas platyrhynchos",0.832917068740421,0.799507735583685,"Palearctic"
"44","Anas poecilorhyncha",0.830674916274053,0.798582995951417,"Indo_Malay"
"45","Anhinga melanogaster",0.798112999337895,0.874672815654992,"Indo_Malay"
"46","Anser albifrons",0.837656261696235,0.899802078179119,"Palearctic"
"47","Anser anser",0.842138599105812,0.885925487876996,"Palearctic"
"48","Anser cygnoides",0.855707762557078,0.882844614963004,"Palearctic"
"49","Anser indicus",0.853565365025467,0.890528735632184,"Palearctic"
"50","Anseranas semipalmata",0.759708737864078,0.907204550242258,"Australian"
"51","Anthoscopus minutus",0.888259925558313,0.921338383838384,"Afrotropic"
"52","Anthracoceros coronatus",0.812361440256861,0.870829120323559,"Indo_Malay"
"53","Anthus novaeseelandiae",0.853944562899787,0.908427200667501,"Australian"
"54","Aphelocoma coerulescens",0.700543478260869,0.906101694915254,"Nearctic"
"55","Aptenodytes forsteri",0.829285714285714,0.912994772218073,"Antarctic"
"56","Aptenodytes patagonicus",0.828386832119783,0.930614973262032,"Neotropic"
"57","Apteryx haastii",0.653342366757001,0.941462021701885,"Australian"
"58","Apus apus",0.75,0.958923042901371,"Palearctic"
"59","Aquila chrysaetos",0.789596273291925,0.884042033235582,"Palearctic"
"60","Aquila heliaca",0.78781512605042,0.885304659498208,"Palearctic"
"61","Aquila nipalensis",0.774966828836798,0.915343915343915,"Palearctic"
"62","Ara ararauna",0.75164035996506,0.873806998939555,"Neotropic"
"63","Ara chloropterus",0.758422197464056,0.884138162307176,"Neotropic"
"64","Ara glaucogularis",0.732410635527366,0.879482948294829,"Neotropic"
"65","Ara macao",0.753641456582633,0.886335403726708,"Neotropic"
"66","Ara militaris",0.763157894736842,0.889165487977369,"Neotropic"
"67","Aramus guarauna",0.817347789824854,0.937906753440734,"Neotropic"
"68","Aratinga solstitialis",0.73772504091653,0.884920634920635,"Neotropic"
"69","Arborophila ardens",0.781590555267255,0.922154899894626,"Indo_Malay"
"70","Arborophila brunneopectus",0.755228642325417,0.925913547237077,"Indo_Malay"
"71","Arborophila rufipectus",0.780279946676824,0.910683760683761,"Palearctic"
"72","Arborophila rufogularis",0.740753285462674,0.912820512820513,"Indo_Malay"
"73","Archilochus colubris",0.786843601895735,0.895009066930432,"Nearctic"
"74","Ardea cinerea",0.773566249176005,0.887710098157859,"Palearctic"
"75","Ardea insignis",0.735789102036013,0.924055829228243,"Indo_Malay"
"76","Ardea purpurea",0.752577809455928,0.902216538789429,"Afrotropic"
"77","Ardeola bacchus",0.773716644052465,0.955844155844156,"Palearctic"
"78","Ardeotis kori",0.708706690561529,0.934072164948454,"Afrotropic"
"79","Arenaria interpres",0.712428774928775,0.913510986442263,"Nearctic"
"80","Arremon aurantiirostris",0.804877051693478,0.947284852334074,"Neotropic"
"81","Artamus cinereus",0.728269230769231,0.910611434707624,"Australian"
"82","Asio flammeus",0.745532245532246,0.922703510082151,"Palearctic"
"83","Asio otus",0.821151210598447,0.903993855606759,"Palearctic"
"84","Atlantisia rogersi",0.737184941756404,0.936493018259936,"Afrotropic"
"85","Atrichornis clamosus",0.729593023255814,0.864367816091954,"Australian"
"86","Aythya americana",0.846602209944751,0.855764473033152,"Nearctic"
"87","Aythya baeri",0.854071690354876,0.861605107159143,"Palearctic"
"88","Aythya ferina",0.857773109243698,0.853795560427514,"Palearctic"
"89","Aythya fuligula",0.861630434782609,0.859054857898215,"Palearctic"
"90","Balearica pavonina",0.762857142857143,0.92358803986711,"Afrotropic"
"91","Balearica regulorum",0.747277491197904,0.921855921855922,"Afrotropic"
"92","Bambusicola fytchii",0.776904412364407,0.882746126936532,"Indo_Malay"
"93","Bambusicola thoracicus",0.775412206491713,0.919099378881988,"Palearctic"
"94","Bombycilla garrulus",0.68868330464716,0.933602347762289,"Palearctic"
"95","Botaurus stellaris",0.77168284789644,0.939284662937886,"Palearctic"
"96","Brachypteracias leptosomus",0.808573650831638,0.944126819126819,"Madagascar"
"97","Branta canadensis",0.807639602603631,0.874179655455291,"Nearctic"
"98","Brotogeris cyanoptera",0.834142394822006,0.931217973985022,"Neotropic"
"99","Bubo bubo",0.852813852813853,0.905162738496072,"Palearctic"
"100","Bubulcus ibis",0.725243506493507,0.926393188854489,"Afrotropic"
"101","Bucco capensis",0.841156923473997,0.941176470588235,"Neotropic"
"102","Buceros bicornis",0.768418201516793,0.923219086021505,"Indo_Malay"
"103","Buphagus erythrorhynchus",0.788381072102002,0.860607008760951,"Afrotropic"
"104","Burhinus bistriatus",0.8,0.916594641313742,"Neotropic"
"105","Buteo buteo",0.796891124871001,0.944055944055944,"Palearctic"
"106","Butorides striata",0.733995956873315,0.957027670881437,"Afrotropic"
"107","Bycanistes brevis",0.823515325670498,0.902941176470588,"Afrotropic"
"108","Cacatua moluccensis",0.766246602421547,0.886229359188002,"Australian"
"109","Cacatua pastinator",0.742909539891782,0.871988795518207,"Australian"
"110","Cairina moschata",0.8472362038986,0.78604118993135,"Neotropic"
"111","Calandrella cinerea",0.857817355964619,0.939913078633515,"Afrotropic"
"112","Calcarius ornatus",0.828129616862011,0.922619047619048,"Nearctic"
"113","Calidris ruficollis",0.712684475994769,0.931372549019608,"Palearctic"
"114","Calidris tenuirostris",0.707840570551593,0.942692939244663,"Palearctic"
"115","Callaeas cinereus",0.790243611177454,0.905252659574468,"Australian"
"116","Callipepla squamata",0.790121951219512,0.936048761609907,"Nearctic"
"117","Calliphlox amethystina",0.779996336325334,0.910532137151284,"Neotropic"
"118","Caloenas nicobarica",0.706487061325771,0.903126628452319,"Australian"
"119","Caloperdix oculeus",0.738340008900757,0.91941094619666,"Indo_Malay"
"120","Calyptorhynchus lathami",0.695496842804919,0.924580627705628,"Australian"
"121","Campephilus guatemalensis",0.787443933458241,0.884478935698448,"Neotropic"
"122","Campephilus imperialis",0.812407407407407,0.876581919836803,"Nearctic"
"123","Campylorhamphus procurvoides",0.648257201973579,0.951991710798987,"Neotropic"
"124","Campylorhynchus brunneicapillus",0.877185902609631,0.87815693078851,"Nearctic"
"125","Campylorhynchus zonatus",0.856213204166421,0.875258799171843,"Neotropic"
"126","Caracara cheriway",0.81988939740656,0.909154727793696,"Neotropic"
"127","Caracara plancus",0.826459942084942,0.923333333333333,"Neotropic"
"128","Cardinalis cardinalis",0.720907079646018,0.918942436412316,"Nearctic"
"129","Carpodacus erythrinus",0.797845227062095,0.912858851674641,"Palearctic"
"130","Carpodacus pulcherrimus",0.751745486281569,0.911615551799082,"Palearctic"
"131","Carpodacus roseus",0.770084566596195,0.93824163969795,"Palearctic"
"132","Carpodacus rubicilloides",0.746816168327796,0.904372496662216,"Palearctic"
"133","Casuarius casuarius",0.654037886340977,0.888042005420054,"Australian"
"134","Cathartes aura",0.744772727272727,0.894796380090498,"Neotropic"
"135","Catharus fuscescens",0.802912621359223,0.889260249554367,"Nearctic"
"136","Centropus bengalensis",0.617334167709637,0.927018633540373,"Indo_Malay"
"137","Centropus unirufus",0.64980959634425,0.924546925566343,"Indo_Malay"
"138","Cephalopterus ornatus",0.663522012578616,0.900671470684573,"Neotropic"
"139","Certhia brachydactyla",0.740701509161989,0.896078431372549,"Palearctic"
"140","Certhia himalayana",0.733015873015873,0.910280060372296,"Palearctic"
"141","Ceryle rudis",0.779081825037707,0.93343023255814,"Afrotropic"
"142","Ceuthmochares aereus",0.693108357703555,0.938047684078753,"Afrotropic"
"143","Chaetops frenatus",0.84355242753191,0.875,"Afrotropic"
"144","Chaetorhynchus papuensis",0.681320450885668,0.911896551724138,"Australian"
"145","Chaetura pelagica",0.816606769296787,0.950133541788809,"Nearctic"
"146","Charadrius alexandrinus",0.754478486522685,0.918367346938776,"Palearctic"
"147","Charadrius vociferus",0.778845727953227,0.948910874625873,"Nearctic"
"148","Chauna torquata",0.750042052144659,0.925925925925926,"Neotropic"
"149","Chloroceryle aenea",0.789153810191678,0.9447261663286,"Neotropic"
"150","Chlorophanes spiza",0.792238759039933,0.946332565284178,"Neotropic"
"151","Chloropsis cyanopogon",0.762993917214777,0.961161387631976,"Indo_Malay"
"152","Chloropsis hardwickii",0.800280951489043,0.935648854961832,"Indo_Malay"
"153","Chrysolampis mosquitus",0.756335282651072,0.878467406380028,"Neotropic"
"154","Chrysolophus amherstiae",0.704103967168263,0.921464646464646,"Palearctic"
"155","Chrysolophus pictus",0.707829457364341,0.917222222222222,"Palearctic"
"156","Chrysomus icterocephalus",0.796897546897547,0.941277472527473,"Neotropic"
"157","Chrysomus ruficapillus",0.803751803751804,0.950428921568627,"Neotropic"
"158","Ciconia boyciana",0.805909562918909,0.916366965278232,"Palearctic"
"159","Ciconia ciconia",0.790868758205442,0.928382787012584,"Palearctic"
"160","Ciconia nigra",0.811497656057242,0.914634146341463,"Palearctic"
"161","Cinclosoma castanotum",0.733664772727273,0.915960451977401,"Australian"
"162","Cinclosoma punctatum",0.737733953685101,0.919243666169896,"Australian"
"163","Cinclus mexicanus",0.853724750379607,0.917306052855925,"Nearctic"
"164","Circaetus pectoralis",0.815698818897638,0.887970615243342,"Afrotropic"
"165","Circus melanoleucos",0.784870550161812,0.923810673750302,"Palearctic"
"166","Climacteris rufus",0.808371484630477,0.892180774748924,"Australian"
"167","Cnemophilus loriae",0.784384309831182,0.859308736217133,"Australian"
"168","Cnemotriccus fuscatus",0.586435124508519,0.91719894064496,"Neotropic"
"169","Coccothraustes coccothraustes",0.784313725490196,0.926377002413869,"Palearctic"
"170","Colinus virginianus",0.784347231715653,0.964767156862745,"Nearctic"
"171","Colius striatus",0.729026714575848,0.914877608346709,"Afrotropic"
"172","Columba hodgsonii",0.754371859296482,0.910233592880979,"Palearctic"
"173","Columba livia",0.746657754010695,0.910521472392638,"Palearctic"
"174","Columba rupestris",0.760631525337408,0.907944277108434,"Palearctic"
"175","Copsychus saularis",0.79954257565095,0.909183673469388,"Indo_Malay"
"176","Coracopsis vasa",0.766632989995565,0.912449567723343,"Madagascar"
"177","Corvus brachyrhynchos",0.700953968695008,0.919695732080866,"Nearctic"
"178","Corvus corax",0.686274509803922,0.947150735294118,"Palearctic"
"179","Corvus coronoides",0.726608187134503,0.923850574712644,"Australian"
"180","Corvus cryptoleucus",0.690622299049265,0.952647800504343,"Nearctic"
"181","Corvus dauuricus",0.725916924436589,0.904008693552282,"Palearctic"
"182","Corvus frugilegus",0.694779116465863,0.914285714285714,"Palearctic"
"183","Corvus hawaiiensis",0.718518518518519,0.938131313131313,"Oceania"
"184","Corvus macrorhynchos",0.699677938808374,0.929861111111111,"Palearctic"
"185","Corvus moneduloides",0.730961978429023,0.932175622542595,"Australian"
"186","Corvus splendens",0.732808857808858,0.933673469387755,"Indo_Malay"
"187","Corythaixoides concolor",0.807447461267065,0.909240584482404,"Afrotropic"
"188","Cossypha semirufa",0.745452113429641,0.927220278066774,"Afrotropic"
"189","Coturnicops exquisitus",0.754515599343186,0.935416666666667,"Palearctic"
"190","Coturnix chinensis",0.758053221288515,0.932584269662921,"Indo_Malay"
"191","Coturnix japonica",0.765233732675593,0.953018285966072,"Palearctic"
"192","Crax daubentoni",0.771939328277356,0.894807583474816,"Neotropic"
"193","Crax rubra",0.780448717948718,0.890988372093023,"Neotropic"
"194","Crossoptilon auritum",0.762518230432669,0.866008105369807,"Palearctic"
"195","Crossoptilon crossoptilon",0.739023088215668,0.85605138607167,"Palearctic"
"196","Crossoptilon harmani",0.737936604078336,0.86562860438293,"Palearctic"
"197","Crossoptilon mantchuricum",0.762518230432669,0.872830586014088,"Palearctic"
"198","Crotophaga sulcirostris",0.735450973053892,0.935995903737839,"Neotropic"
"199","Crypturellus cinnamomeus",0.660498960498961,0.933700025840747,"Neotropic"
"200","Crypturellus soui",0.655717921713182,0.907941858015589,"Neotropic"
"201","Crypturellus undulatus",0.652557544757033,0.917094017094017,"Neotropic"
"202","Cuculus poliocephalus",0.756417006713176,0.949661084529506,"Palearctic"
"203","Culicicapa ceylonensis",0.789292497625831,0.898011100832562,"Indo_Malay"
"204","Curaeus curaeus",0.786162790697674,0.916087962962963,"Neotropic"
"205","Cyanopica cyanus",0.738613360323887,0.912124849939976,"Palearctic"
"206","Cyanoptila cyanomelana",0.825600961538462,0.922147529069767,"Palearctic"
"207","Cygnus atratus",0.833809523809524,0.827777777777778,"Australian"
"208","Cygnus columbianus",0.795653638814016,0.875059101654846,"Palearctic"
"209","Cygnus cygnus",0.79873417721519,0.856295149638803,"Palearctic"
"210","Cygnus olor",0.818454772275553,0.825757575757576,"Palearctic"
"211","Cypseloides fumigatus",0.707343124165554,0.9245187720972,"Neotropic"
"212","Daphoenositta chrysoptera",0.651856398967021,0.952681737588652,"Australian"
"213","Daption capense",0.706190061028771,0.906438436101926,"Antarctic"
"214","Dasyornis broadbenti",0.740842490842491,0.86656062212796,"Australian"
"215","Delichon urbicum",0.828571428571429,0.916083916083916,"Palearctic"
"216","Dendrocitta formosae",0.749402628434886,0.923026646556058,"Indo_Malay"
"217","Dendrocopos darjellensis",0.759190887666929,0.914816933638444,"Palearctic"
"218","Dendrocopos leucotos",0.780875576036866,0.912832418742085,"Palearctic"
"219","Dendrocopos major",0.771808960270499,0.899701992922332,"Palearctic"
"220","Dendrocygna javanica",0.744705115672858,0.852002503128911,"Indo_Malay"
"221","Dicaeum agile",0.804230983081363,0.920261437908497,"Indo_Malay"
"222","Dicaeum concolor",0.760345389377648,0.921715452688904,"Indo_Malay"
"223","Dicaeum eximium",0.742975954494527,0.943992490613267,"Australian"
"224","Dicrurus hottentottus",0.616025641025641,0.915752133909766,"Indo_Malay"
"225","Dicrurus macrocercus",0.690418679549114,0.905532891381948,"Indo_Malay"
"226","Dicrurus megarhynchus",0.58798344739774,0.916083916083916,"Australian"
"227","Didunculus strigirostris",0.750634517766497,0.912565695174391,"Oceania"
"228","Diopsittaca nobilis",0.762125162972621,0.900207693183111,"Neotropic"
"229","Dives dives",0.830851697438952,0.936141304347826,"Neotropic"
"230","Dromaius novaehollandiae",0.640400157697615,0.932352941176471,"Australian"
"231","Drymodes brunneopygia",0.754913954816083,0.877047115142353,"Australian"
"232","Dryocopus pileatus",0.795096716149348,0.843764669065874,"Nearctic"
"233","Dryoscopus gambensis",0.685688405797101,0.943991640543365,"Afrotropic"
"234","Eclectus roratus",0.837331901010583,0.954700854700855,"Australian"
"235","Egretta eulophotes",0.784316217590239,0.934080531340805,"Palearctic"
"236","Egretta garzetta",0.787274835027644,0.940285204991087,"Afrotropic"
"237","Egretta sacra",0.785892165388568,0.920181441986312,"Australian"
"238","Emberiza aureola",0.841379835516296,0.936019417475728,"Palearctic"
"239","Emberiza chrysophrys",0.840929613075082,0.899003623188406,"Palearctic"
"240","Emberiza cioides",0.825529499275731,0.932388400130336,"Palearctic"
"241","Emberiza elegans",0.82730607966457,0.907805429864253,"Palearctic"
"242","Emberiza fucata",0.859803921568628,0.920423983546907,"Palearctic"
"243","Emberiza jankowskii",0.810485001401738,0.942224442224442,"Palearctic"
"244","Emberiza leucocephalos",0.837719298245614,0.897114336045634,"Palearctic"
"245","Emberiza pusilla",0.818945868945869,0.881652661064426,"Palearctic"
"246","Emberiza rustica",0.828396239269655,0.901009316770186,"Palearctic"
"247","Emberiza rutila",0.843956043956044,0.934769417475728,"Palearctic"
"248","Emberiza spodocephala",0.827586206896552,0.906759400130406,"Palearctic"
"249","Emberiza tristrami",0.849125053350406,0.922563087580406,"Palearctic"
"250","Eophona migratoria",0.815605590062112,0.936616507067944,"Palearctic"
"251","Eopsaltria australis",0.786777549935445,0.925492610837438,"Australian"
"252","Eopsaltria georgiana",0.774220202437513,0.897948557742372,"Australian"
"253","Epthianura albifrons",0.806878817100611,0.951308139534884,"Australian"
"254","Eremophila alpestris",0.832274247491639,0.928247549019608,"Palearctic"
"255","Erpornis zantholeuca",0.779562594268477,0.890455049944506,"Indo_Malay"
"256","Erythrocercus mccallii",0.864870509607352,0.91523733546071,"Afrotropic"
"257","Eudocimus ruber",0.732645403377111,0.940930232558139,"Neotropic"
"258","Eudromia elegans",0.673636178758452,0.943326271186441,"Neotropic"
"259","Eudyptes chrysocome",0.853744939271255,0.945220588235294,"Antarctic"
"260","Eudyptes chrysolophus",0.844748455428067,0.928253968253968,"Neotropic"
"261","Eudyptula minor",0.820339908006549,0.943589743589744,"Australian"
"262","Eulacestoma nigropectus",0.681327748159431,0.952786282914881,"Australian"
"263","Euphagus cyanocephalus",0.782521121244335,0.925128998968008,"Nearctic"
"264","Eurystomus gularis",0.767321373337458,0.927700348432056,"Afrotropic"
"265","Eurystomus orientalis",0.793041926851026,0.893557422969188,"Indo_Malay"
"266","Falco amurensis",0.811764705882353,0.932958801498127,"Palearctic"
"267","Falco cherrug",0.773355629877369,0.943259557344064,"Palearctic"
"268","Falco columbarius",0.808888888888889,0.928519593613933,"Nearctic"
"269","Falco naumanni",0.829666344294004,0.925,"Palearctic"
"270","Falco peregrinus",0.787490788504053,0.941698113207547,"Palearctic"
"271","Falco rusticolus",0.785652173913044,0.953256245227446,"Nearctic"
"272","Falco sparverius",0.8,0.925642594859241,"Nearctic"
"273","Falco subbuteo",0.809616858237548,0.92530657748049,"Palearctic"
"274","Falco tinnunculus",0.855356476297126,0.943958333333333,"Palearctic"
"275","Falcunculus frontatus",0.733816359696641,0.93726318857476,"Australian"
"276","Ficedula albicollis",0.852107558139535,0.917048054919908,"Palearctic"
"277","Ficedula zanthopygia",0.799038461538462,0.923076923076923,"Palearctic"
"278","Florisuga fusca",0.818574836016696,0.898787878787879,"Neotropic"
"279","Florisuga mellivora",0.815488332752873,0.919871794871795,"Neotropic"
"280","Formicarius rufipectus",0.731677136874167,0.942207142062521,"Neotropic"
"281","Forpus passerinus",0.819457467102072,0.955183946488294,"Neotropic"
"282","Francolinus pintadeanus",0.745286885245902,0.931439699167338,"Indo_Malay"
"283","Fregata magnificens",0.740280349113991,0.95823131211292,"Neotropic"
"284","Fringilla coelebs",0.81382625994695,0.927387431964374,"Palearctic"
"285","Fringilla montifringilla",0.80302247481271,0.941299392097264,"Palearctic"
"286","Furnarius figulus",0.677911079745942,0.943905635648755,"Neotropic"
"287","Gallicrex cinerea",0.732617849440279,0.924285714285714,"Indo_Malay"
"288","Gallinago stenura",0.637218045112782,0.962848297213622,"Palearctic"
"289","Gallinula chloropus",0.778061224489796,0.94387272918198,"Palearctic"
"290","Gallirallus striatus",0.71749226006192,0.941363777570674,"Indo_Malay"
"291","Gallus gallus",0.809994272623139,0.903995560488346,"Indo_Malay"
"292","Gallus sonneratii",0.785890218156228,0.935416666666667,"Indo_Malay"
"293","Gallus varius",0.792513368983957,0.907687758722649,"Indo_Malay"
"294","Garrulax albogularis",0.790598290598291,0.952777777777778,"Palearctic"
"295","Garrulax canorus",0.837768866204885,0.874166161309885,"Indo_Malay"
"296","Garrulax formosus",0.796621359223301,0.936141304347826,"Palearctic"
"297","Garrulax perspicillatus",0.807528409090909,0.901282666027332,"Indo_Malay"
"298","Garrulax poecilorhynchus",0.78150705052879,0.942179144385027,"Indo_Malay"
"299","Garrulax sannio",0.857112794612795,0.88558402084238,"Indo_Malay"
"300","Garrulus glandarius",0.68452380952381,0.921189120809614,"Palearctic"
"301","Gavia pacifica",0.785645933014354,0.923803507947234,"Nearctic"
"302","Gavia stellata",0.782590051457976,0.888529411764706,"Palearctic"
"303","Geococcyx californianus",0.791169895678092,0.96881072677808,"Nearctic"
"304","Geopelia cuneata",0.779643008924777,0.912637940094587,"Australian"
"305","Geospiza magnirostris",0.823157110945644,0.937621202327085,"Neotropic"
"306","Geotrygon violacea",0.712942432454628,0.904286499358857,"Neotropic"
"307","Gerygone igata",0.766791979949875,0.90765503875969,"Australian"
"308","Glaucidium cuculoides",0.847282139775669,0.947774997279948,"Indo_Malay"
"309","Glaucis hirsutus",0.747941720629047,0.930952380952381,"Neotropic"
"310","Gnorimopsar chopi",0.795777062886817,0.935731132075472,"Neotropic"
"311","Goura cristata",0.772349514563107,0.867389596102467,"Australian"
"312","Goura scheepmakeri",0.750726885055243,0.883799421407907,"Australian"
"313","Goura victoria",0.754560745245181,0.890329012961117,"Australian"
"314","Gracula religiosa",0.833384819064431,0.923048600883652,"Indo_Malay"
"315","Grallaria varia",0.757820136852395,0.928112492100274,"Neotropic"
"316","Grantiella picta",0.722026209677419,0.883775877587759,"Australian"
"317","Grus americana",0.746336633663366,0.945949883449883,"Nearctic"
"318","Grus carunculatus",0.746287128712871,0.942918192918193,"Afrotropic"
"319","Grus grus",0.744901960784314,0.931971991423211,"Palearctic"
"320","Grus japonensis",0.752851259306194,0.921988892745574,"Palearctic"
"321","Grus leucogeranus",0.745689655172414,0.940002397506593,"Palearctic"
"322","Grus monacha",0.73603138155377,0.941420855837142,"Palearctic"
"323","Grus nigricollis",0.741729593671341,0.95,"Palearctic"
"324","Grus paradisea",0.73515205724508,0.945903689806129,"Afrotropic"
"325","Grus virgo",0.732334554180349,0.944736199316072,"Palearctic"
"326","Guaruba guarouba",0.747595613048369,0.893391985438098,"Neotropic"
"327","Gymnomystax mexicanus",0.818336095982319,0.959635416666667,"Neotropic"
"328","Gymnorhina tibicen",0.742902838864454,0.902036199095023,"Australian"
"329","Haematopus ater",0.777839291363493,0.918419489007724,"Neotropic"
"330","Haematopus ostralegus",0.775067750677507,0.920840787119857,"Palearctic"
"331","Haematortyx sanguiniceps",0.778036110762012,0.907738095238095,"Indo_Malay"
"332","Halcyon coromanda",0.80595427963849,0.925222734254992,"Indo_Malay"
"333","Halcyon senegalensis",0.81252312245653,0.943415309272863,"Afrotropic"
"334","Halcyon smyrnensis",0.82588666534575,0.935385264045536,"Indo_Malay"
"335","Haliaeetus albicilla",0.769298245614035,0.912024965325936,"Palearctic"
"336","Heliodoxa aurescens",0.791872937293729,0.889523809523809,"Neotropic"
"337","Heliornis fulica",0.717021276595745,0.894545741573921,"Neotropic"
"338","Hemignathus flavus",0.740900900900901,0.935812356979405,"Oceania"
"339","Hemiphaga novaeseelandiae",0.774214103653356,0.937326133202422,"Australian"
"340","Henicorhina leucosticta",0.788085058505851,0.91281512605042,"Neotropic"
"341","Herpetotheres cachinnans",0.784330011074197,0.899683308494784,"Neotropic"
"342","Himantopus himantopus",0.800990099009901,0.95531561461794,"Palearctic"
"343","Himatione sanguinea",0.77067868504772,0.921936758893281,"Oceania"
"344","Hirundo aethiopica",0.776230191826522,0.917713112774692,"Afrotropic"
"345","Hirundo albigularis",0.786011904761905,0.928966131907308,"Afrotropic"
"346","Hirundo angolensis",0.763534176378213,0.925429553264605,"Afrotropic"
"347","Hirundo atrocaerulea",0.756084656084656,0.910509152894093,"Afrotropic"
"348","Hirundo dimidiata",0.75894281157439,0.904827759617802,"Afrotropic"
"349","Hirundo neoxena",0.790764790764791,0.921038732394366,"Australian"
"350","Hirundo nigrita",0.76971790443293,0.924915635545557,"Afrotropic"
"351","Hirundo smithii",0.76920045045045,0.922322775263952,"Afrotropic"
"352","Hirundo tahitica",0.811253561253561,0.915495706479313,"Indo_Malay"
"353","Hydrophasianus chirurgus",0.763256161314414,0.959145388223033,"Indo_Malay"
"354","Hylia prasina",0.812169312169312,0.94700332963374,"Afrotropic"
"355","Hyliota flavigaster",0.7299739195231,0.953379700065203,"Afrotropic"
"356","Hylocharis cyanus",0.804737882255045,0.903912543153049,"Neotropic"
"357","Hypocryptadius cinnamomeus",0.839403853801381,0.931115591397849,"Indo_Malay"
"358","Ifrita kowaldi",0.717436974789916,0.913628831814416,"Australian"
"359","Indicator maculatus",0.735544598834603,0.950716845878136,"Afrotropic"
"360","Indicator xanthonotus",0.616089530451707,0.94281045751634,"Indo_Malay"
"361","Irena cyanogastra",0.829722222222222,0.896176470588235,"Indo_Malay"
"362","Ithaginis cruentus",0.731924508240298,0.943587662337662,"Palearctic"
"363","Ixobrychus cinnamomeus",0.748076923076923,0.954016913319239,"Indo_Malay"
"364","Ixobrychus eurhythmus",0.736836080586081,0.946203205303652,"Palearctic"
"365","Ixobrychus flavicollis",0.695527236381809,0.948509231536926,"Indo_Malay"
"366","Ixobrychus sinensis",0.754237288135593,0.952748110760994,"Indo_Malay"
"367","Jacana jacana",0.750815628232673,0.952088639836984,"Neotropic"
"368","Jacana spinosa",0.747427281318912,0.945787545787546,"Neotropic"
"369","Jynx ruficollis",0.683128238341969,0.929129464285714,"Afrotropic"
"370","Jynx torquilla",0.673056722689076,0.932230059685296,"Palearctic"
"371","Lagopus lagopus",0.689278455284553,0.939652047843421,"Palearctic"
"372","Lagopus muta",0.670485378353934,0.932667406585276,"Palearctic"
"373","Lanius cristatus",0.691977297131462,0.911695544554455,"Palearctic"
"374","Lanius ludovicianus",0.707107843137255,0.919201850780798,"Nearctic"
"375","Lanius schach",0.689139169609156,0.912401693889897,"Indo_Malay"
"376","Lanius tephronotus",0.688791423001949,0.917747858017136,"Palearctic"
"377","Lanius tigrinus",0.689206827309237,0.923101199242584,"Palearctic"
"378","Larus crassirostris",0.729788961038961,0.898170731707317,"Palearctic"
"379","Larus dominicanus",0.71547619047619,0.886222033418295,"Neotropic"
"380","Leiothrix argentauris",0.742592592592593,0.888268478010592,"Indo_Malay"
"381","Leiothrix lutea",0.764830508474576,0.925082574316885,"Indo_Malay"
"382","Lepidocolaptes angustirostris",0.673992673992674,0.970442632498544,"Neotropic"
"383","Lepidothrix coronata",0.62020202020202,0.914070035646886,"Neotropic"
"384","Leptotila verreauxi",0.753109452736318,0.911204481792717,"Neotropic"
"385","Leucopsar rothschildi",0.843164362519201,0.891532976827095,"Indo_Malay"
"386","Leucosticte arctoa",0.783112290008842,0.956864564007421,"Palearctic"
"387","Leucosticte brandti",0.796033517200724,0.947244623655914,"Palearctic"
"388","Limosa haemastica",0.694548481065335,0.917929292929293,"Nearctic"
"389","Limosa lapponica",0.661589555657352,0.914965123652505,"Palearctic"
"390","Locustella pryeri",0.806306972160631,0.925686274509804,"Palearctic"
"391","Lonchura caniceps",0.837536656891496,0.947563559322034,"Australian"
"392","Lonchura castaneothorax",0.841684935797056,0.9568350456621,"Australian"
"393","Lonchura flaviprymna",0.841684935797056,0.954727564102564,"Australian"
"394","Lonchura forbesi",0.830803177405119,0.937900641025641,"Australian"
"395","Lonchura grandis",0.835993867243867,0.943964026288482,"Australian"
"396","Lonchura hunsteini",0.830803177405119,0.937900641025641,"Australian"
"397","Lonchura leucosticta",0.887685668140539,0.935508434864105,"Australian"
"398","Lonchura melaena",0.83811064879026,0.956410256410256,"Australian"
"399","Lonchura nevermanni",0.841684935797056,0.956864316239316,"Australian"
"400","Lonchura nigerrima",0.830803177405119,0.9417502787068,"Australian"
"401","Lonchura punctulata",0.807315233785822,0.959252450980392,"Indo_Malay"
"402","Lonchura spectabilis",0.830803177405119,0.941025641025641,"Australian"
"403","Lonchura striata",0.825352822580645,0.955728155339806,"Indo_Malay"
"404","Lonchura stygia",0.837536656891496,0.947563559322034,"Australian"
"405","Lophophorus impejanus",0.720140834111422,0.933699633699634,"Palearctic"
"406","Lophophorus lhuysii",0.705839025043525,0.926767676767677,"Palearctic"
"407","Lophophorus sclateri",0.694965740965316,0.931468716861082,"Palearctic"
"408","Lophornis magnificus",0.750120114474316,0.894577761494779,"Neotropic"
"409","Lophura ignita",0.720350404312669,0.900782013685239,"Indo_Malay"
"410","Lophura nycthemera",0.748482037443077,0.910835401157982,"Indo_Malay"
"411","Lophura swinhoii",0.74781746031746,0.912354635655606,"Indo_Malay"
"412","Loxia curvirostra",0.775534391534392,0.91865191907733,"Palearctic"
"413","Loxia leucoptera",0.783404074702886,0.932405998695936,"Nearctic"
"414","Loxops caeruleirostris",0.776034762115186,0.943119459687632,"Oceania"
"415","Loxops coccineus",0.802414690572585,0.917239527389903,"Oceania"
"416","Machaerirhynchus nigripectus",0.768761561921904,0.871564217891055,"Australian"
"417","Macroagelaius imthurni",0.792435897435897,0.932667525773196,"Neotropic"
"418","Malurus elegans",0.742054641761918,0.903708133971292,"Australian"
"419","Malurus melanocephalus",0.758188666885031,0.920787545787546,"Australian"
"420","Megaceryle lugubris",0.771813118811881,0.900564713064713,"Palearctic"
"421","Megalaima virens",0.669540229885057,0.949653636813459,"Indo_Malay"
"422","Melamprosops phaeosoma",0.740968355289963,0.94265625,"Oceania"
"423","Melanocharis versteri",0.790998217468806,0.911276223776224,"Australian"
"424","Melanocorypha mongolica",0.870893970893971,0.925070028011205,"Palearctic"
"425","Meleagris gallopavo",0.695283714075166,0.911383108935129,"Nearctic"
"426","Melophus lathami",0.838223140495868,0.902562446167097,"Indo_Malay"
"427","Melopsittacus undulatus",0.810772357723577,0.971818181818182,"Australian"
"428","Menura novaehollandiae",0.754740148486579,0.898893930799773,"Australian"
"429","Mergus merganser",0.852579852579853,0.798876404494382,"Palearctic"
"430","Mergus squamatus",0.794112699747687,0.776442307692308,"Palearctic"
"431","Merops viridis",0.805264929025942,0.88129216398547,"Indo_Malay"
"432","Mesembrinibis cayennensis",0.690398886827458,0.904944682772635,"Neotropic"
"433","Micrastur gilvicollis",0.775571483920961,0.920124683421001,"Neotropic"
"434","Milvus migrans",0.786194477791117,0.901535087719298,"Palearctic"
"435","Minla ignotincta",0.782513157894737,0.929450757575758,"Palearctic"
"436","Mionectes oleagineus",0.755184331797235,0.92133353960396,"Neotropic"
"437","Molothrus aeneus",0.821950851801598,0.929416620803522,"Neotropic"
"438","Molothrus ater",0.808734567901235,0.920806623931624,"Nearctic"
"439","Monticola gularis",0.798036586204525,0.944137931034483,"Palearctic"
"440","Montifringilla adamsi",0.791872710622711,0.883058470764618,"Palearctic"
"441","Montifringilla nivalis",0.773531905872377,0.841496598639456,"Palearctic"
"442","Motacilla cinerea",0.816590214067278,0.92263810227366,"Palearctic"
"443","Muscicapa griseisticta",0.820639187574671,0.897770811563915,"Palearctic"
"444","Muscicapa sibirica",0.800158514492754,0.926537943421643,"Palearctic"
"445","Mycerobas carnipes",0.78573205932119,0.956984273820537,"Palearctic"
"446","Myiagra hebetior",0.702538314176245,0.886360977892151,"Australian"
"447","Myiopsitta monachus",0.743288754392815,0.937782076079948,"Neotropic"
"448","Mystacornis crossleyi",0.759001161440186,0.886721025043681,"Madagascar"
"449","Myzornis pyrrhoura",0.82911104368932,0.920807453416149,"Indo_Malay"
"450","Napothera epilepidota",0.784184078286168,0.915219611848825,"Indo_Malay"
"451","Neodrepanis coruscans",0.632262635805385,0.905413082291836,"Madagascar"
"452","Neophema chrysogaster",0.841213782848115,0.890164399092971,"Australian"
"453","Neopipo cinnamomea",0.639030206677266,0.96297268907563,"Neotropic"
"454","Nesopsar nigerrimus",0.824034611907529,0.929545454545454,"Neotropic"
"455","Nesospiza acunhae",0.785201640464798,0.875,"Afrotropic"
"456","Nestor notabilis",0.698,0.932958801498127,"Australian"
"457","Netta rufina",0.824195624195624,0.86281179138322,"Palearctic"
"458","Nicator chloris",0.795566502463054,0.912846517917512,"Afrotropic"
"459","Niltava davidi",0.783382332831943,0.931666666666667,"Indo_Malay"
"460","Ninox novaeseelandiae",0.795660394620475,0.918060200668896,"Australian"
"461","Ninox scutulata",0.82939565142955,0.91956802063185,"Indo_Malay"
"462","Ninox strenua",0.797566952564327,0.920454545454545,"Australian"
"463","Nipponia nippon",0.775781501772478,0.899106002554278,"Palearctic"
"464","Nisaetus alboniger",0.804296875,0.906970046082949,"Indo_Malay"
"465","Nisaetus nipalensis",0.789705882352941,0.879952690715553,"Indo_Malay"
"466","Nothocercus julius",0.645833333333333,0.909071459135644,"Neotropic"
"467","Nothocercus nigrocapillus",0.687457627118644,0.91,"Neotropic"
"468","Nothoprocta ornata",0.533264758825907,0.961944777911165,"Neotropic"
"469","Nothoprocta pentlandii",0.535532012897282,0.95371857994299,"Neotropic"
"470","Nothoprocta perdicaria",0.503846153846154,0.958837040618955,"Neotropic"
"471","Notiomystis cincta",0.775023364485981,0.90260129465356,"Australian"
"472","Nucifraga caryocatactes",0.70074568288854,0.902499461322991,"Palearctic"
"473","Nucifraga columbiana",0.690522716170005,0.941400045382346,"Nearctic"
"474","Numenius phaeopus",0.67037037037037,0.883771929824561,"Palearctic"
"475","Numenius tenuirostris",0.654261796042618,0.89784692011853,"Palearctic"
"476","Numida meleagris",0.799122807017544,0.897519478454444,"Afrotropic"
"477","Nycticorax nycticorax",0.721695402298851,0.910468319559229,"Neotropic"
"478","Nymphicus hollandicus",0.792857142857143,0.944444444444444,"Australian"
"479","Oceanites oceanicus",0.857486186604375,0.902347010852116,"Antarctic"
"480","Oceanodroma castro",0.714642857142857,0.899851132456669,"Neotropic"
"481","Oceanodroma tethys",0.736352459016393,0.893073077146677,"Neotropic"
"482","Odontophorus gujanensis",0.790386916633426,0.95049504950495,"Neotropic"
"483","Oenanthe oenanthe",0.831395348837209,0.940885264997088,"Palearctic"
"484","Onychorhynchus coronatus",0.666666666666667,0.914855072463768,"Neotropic"
"485","Oreocharis arfaki",0.616402116402116,0.92963224893918,"Australian"
"486","Oreomystis bairdi",0.780020402215098,0.915705412599823,"Oceania"
"487","Oreopsar bolivianus",0.766297700587084,0.926794258373206,"Neotropic"
"488","Oreotrochilus melanogaster",0.813438582980362,0.918574830555047,"Neotropic"
"489","Origma solitaria",0.790147536884221,0.890522875816993,"Australian"
"490","Oriolus chinensis",0.761904761904762,0.858041958041958,"Palearctic"
"491","Oriolus oriolus",0.757854821235103,0.908845514950166,"Palearctic"
"492","Orthonyx spaldingii",0.777558816395828,0.886828644501279,"Australian"
"493","Otidiphaps nobilis",0.691415343915344,0.911437908496732,"Australian"
"494","Otis tarda",0.739119245067201,0.936590909090909,"Palearctic"
"495","Otus bakkamoena",0.730689655172414,0.930392156862745,"Indo_Malay"
"496","Otus scops",0.808040404040404,0.936963696369637,"Palearctic"
"497","Otus sunia",0.808040404040404,0.930118458274399,"Palearctic"
"498","Oxyruncus cristatus",0.646523628462792,0.904623243102551,"Neotropic"
"499","Pachycephala philippinensis",0.581509082440615,0.964516902421482,"Indo_Malay"
"500","Pachyramphus minor",0.643117040630685,0.915329768270945,"Neotropic"
"501","Padda oryzivora",0.83451837617103,0.965111561866126,"Indo_Malay"
"502","Pagodroma nivea",0.697114063215758,0.93147325395415,"Antarctic"
"503","Pandion haliaetus",0.761111842393927,0.934413580246914,"Palearctic"
"504","Panurus biarmicus",0.772970775338403,0.919117647058823,"Palearctic"
"505","Paradisaea raggiana",0.725829725829726,0.931985294117647,"Australian"
"506","Paradoxornis fulvifrons",0.763286713286713,0.889480748259374,"Palearctic"
"507","Pardalotus punctatus",0.784551724137931,0.92755787901419,"Australian"
"508","Parophasma galinieri",0.805940594059406,0.900980392156863,"Afrotropic"
"509","Paroreomyza montana",0.792700501253133,0.953214774281806,"Oceania"
"510","Parus major",0.870903356167759,0.949293966623877,"Palearctic"
"511","Parus monticolus",0.859764089121887,0.948863636363636,"Palearctic"
"512","Passer ammodendri",0.809090909090909,0.900694444444444,"Palearctic"
"513","Passer domesticus",0.831410154384848,0.861184792219275,"Palearctic"
"514","Passer montanus",0.821666666666667,0.861426767676768,"Palearctic"
"515","Pavo cristatus",0.696679438058748,0.934663865546218,"Indo_Malay"
"516","Pavo muticus",0.712319243604004,0.935118073415946,"Indo_Malay"
"517","Pelecanoides urinatrix",0.644911429918502,0.946708246708247,"Neotropic"
"518","Penelope pileata",0.783333333333333,0.904196157735086,"Neotropic"
"519","Penelopides panini",0.837791313559322,0.875298900047824,"Indo_Malay"
"520","Perdix dauurica",0.76416843220339,0.881329454858867,"Palearctic"
"521","Perdix hodgsoniae",0.775545634920635,0.888236763236763,"Palearctic"
"522","Perdix perdix",0.7467993754879,0.896515151515151,"Palearctic"
"523","Pericrocotus ethologus",0.637509549274255,0.94185260311021,"Palearctic"
"524","Petroica australis",0.784980744544288,0.894134078212291,"Australian"
"525","Petroica goodenovii",0.749407582938389,0.900615595075239,"Australian"
"526","Petroica macrocephala",0.811922068931415,0.90016006402561,"Australian"
"527","Petroica phoenicea",0.75236508994004,0.891730605285592,"Australian"
"528","Peucedramus taeniatus",0.817258449982929,0.890330188679245,"Nearctic"
"529","Phaethon rubricauda",0.828055324616431,0.857493857493858,"Australian"
"530","Phaethornis malaris",0.748281456812262,0.941014492753623,"Neotropic"
"531","Phainopepla nitens",0.785087719298246,0.919607843137255,"Nearctic"
"532","Phalacrocorax auritus",0.813787432923663,0.935455262120615,"Nearctic"
"533","Phalacrocorax carbo",0.797959724430313,0.952052696078431,"Palearctic"
"534","Phalcoboenus australis",0.840203994900127,0.929757882882883,"Neotropic"
"535","Phasianus colchicus",0.726026604973973,0.93354743083004,"Palearctic"
"536","Phasianus versicolor",0.707825203252032,0.932352941176471,"Palearctic"
"537","Philesturnus carunculatus",0.793988269794721,0.887482419127989,"Australian"
"538","Phoebastria albatrus",0.715201561840439,0.910427807486631,"Palearctic"
"539","Phoebastria immutabilis",0.729934544992374,0.909972426470588,"Oceania"
"540","Phoebastria nigripes",0.724916495375128,0.912058231093206,"Palearctic"
"541","Phoenicopterus roseus",0.793103448275862,0.942105263157895,"Afrotropic"
"542","Phoenicopterus ruber",0.783716475095785,0.938390092879257,"Neotropic"
"543","Phoenicurus auroreus",0.800688643034545,0.913979591836735,"Palearctic"
"544","Phoenicurus frontalis",0.795296167247387,0.939660400242571,"Palearctic"
"545","Phylloscopus borealis",0.836021505376344,0.895919958419958,"Palearctic"
"546","Phylloscopus fuscatus",0.81625,0.933599290780142,"Palearctic"
"547","Phylloscopus inornatus",0.818984072320275,0.933669108669109,"Palearctic"
"548","Phylloscopus proregulus",0.821112364543807,0.909043927648579,"Palearctic"
"549","Phylloscopus tenellipes",0.816109422492401,0.919501133786848,"Palearctic"
"550","Piaya cayana",0.717096122268536,0.941450875856816,"Neotropic"
"551","Pica pica",0.68308981521272,0.934873949579832,"Palearctic"
"552","Picathartes gymnocephalus",0.805035425101215,0.935294117647059,"Afrotropic"
"553","Picumnus innominatus",0.817577030812325,0.944918009102073,"Indo_Malay"
"554","Picus canus",0.803271522569365,0.893410452385871,"Palearctic"
"555","Pinicola enucleator",0.741950129217015,0.915958549222798,"Palearctic"
"556","Pionites leucogaster",0.828110719415067,0.895104895104895,"Neotropic"
"557","Piranga bidentata",0.802380952380952,0.934372436423298,"Neotropic"
"558","Piranga erythrocephala",0.748279753886482,0.910570115513601,"Neotropic"
"559","Piranga flava",0.794366197183099,0.943992490613267,"Neotropic"
"560","Piranga hepatica",0.822608322608323,0.951956271576525,"Nearctic"
"561","Piranga leucoptera",0.770527891515872,0.920289855072464,"Neotropic"
"562","Piranga ludoviciana",0.787855515233353,0.919607843137255,"Nearctic"
"563","Piranga lutea",0.808170766186033,0.92681838464971,"Neotropic"
"564","Piranga olivacea",0.805111555111555,0.923160173160173,"Nearctic"
"565","Piranga roseogularis",0.771830673758865,0.930542264752791,"Neotropic"
"566","Piranga rubra",0.802812250147739,0.912243502051984,"Nearctic"
"567","Piranga rubriceps",0.769033605468008,0.913329161451815,"Neotropic"
"568","Pitta sordida",0.78745894909688,0.961600116584086,"Indo_Malay"
"569","Platalea leucorodia",0.744054580896686,0.934436274509804,"Palearctic"
"570","Platalea minor",0.732258064516129,0.92125662994696,"Palearctic"
"571","Platysteira castanea",0.752551020408163,0.883275862068966,"Afrotropic"
"572","Ploceus nigricollis",0.802100840336134,0.869791666666667,"Afrotropic"
"573","Pluvialis squatarola",0.793662312530237,0.918324711500199,"Palearctic"
"574","Podoces hendersoni",0.729515050167224,0.87507606182305,"Palearctic"
"575","Poicephalus senegalus",0.846924840267278,0.90530303030303,"Afrotropic"
"576","Polioptila caerulea",0.804466230936819,0.919632451815329,"Nearctic"
"577","Polyplectron bicalcaratum",0.76406976744186,0.890964673913043,"Indo_Malay"
"578","Polyplectron germaini",0.76212877624168,0.905764966740576,"Indo_Malay"
"579","Polyplectron malacense",0.783868501529052,0.890860215053763,"Indo_Malay"
"580","Polyplectron napoleonis",0.763074738150186,0.88259534583064,"Indo_Malay"
"581","Pomatorhinus ruficollis",0.810096153846154,0.916277258566978,"Indo_Malay"
"582","Pomatostomus ruficeps",0.778571428571429,0.877669817927171,"Australian"
"583","Porphyrio hochstetteri",0.81317257871662,0.92438628994905,"Australian"
"584","Porzana paykullii",0.74826130153999,0.883746801646457,"Palearctic"
"585","Porzana pusilla",0.773315731198365,0.920879676440849,"Palearctic"
"586","Primolius couloni",0.759234234234234,0.877751892836342,"Neotropic"
"587","Primolius maracana",0.762295081967213,0.900923654206956,"Neotropic"
"588","Prodotiscus insignis",0.690321583178726,0.910312097812098,"Afrotropic"
"589","Progne chalybea",0.841267942583732,0.901282666027332,"Neotropic"
"590","Prosthemadera novaeseelandiae",0.728414862336274,0.928719008264463,"Australian"
"591","Prunella fulvescens",0.757352941176471,0.905392156862745,"Palearctic"
"592","Prunella himalayana",0.757906976744186,0.909183673469388,"Palearctic"
"593","Prunella montanella",0.764675533134602,0.899686678795229,"Palearctic"
"594","Prunella rubeculoides",0.784286762009534,0.896078431372549,"Palearctic"
"595","Prunella strophiata",0.747873471557682,0.8875,"Palearctic"
"596","Pseudoleistes guirahuro",0.775869336143309,0.915613652868555,"Neotropic"
"597","Pseudoleistes virescens",0.776254310824341,0.923939808481532,"Neotropic"
"598","Pseudonestor xanthophrys",0.798141891891892,0.919059785385795,"Oceania"
"599","Pseudopodoces humilis",0.809825195901145,0.904545454545455,"Palearctic"
"600","Psittacula alexandri",0.827969310482264,0.917127799736495,"Indo_Malay"
"601","Psittacula cyanocephala",0.809580762935918,0.953488372093023,"Indo_Malay"
"602","Psittacula derbiana",0.830532786885246,0.923414634146342,"Palearctic"
"603","Psittacula eupatria",0.832176973353444,0.950676982591876,"Indo_Malay"
"604","Psittacula roseata",0.811388410786001,0.948200175592625,"Indo_Malay"
"605","Psittirostra psittacea",0.811152882205514,0.950137931034483,"Oceania"
"606","Psittrichas fulgidus",0.843357664233577,0.964140111490141,"Australian"
"607","Psophia crepitans",0.801346153846154,0.905012531328321,"Neotropic"
"608","Pterocles burchelli",0.649695585996956,0.914205416453756,"Afrotropic"
"609","Pteruthius melanotis",0.74436964504284,0.876046511627907,"Indo_Malay"
"610","Ptilopachus petrosus",0.732057416267943,0.957427536231884,"Afrotropic"
"611","Ptilorrhoa caerulescens",0.791930531567837,0.921667916979245,"Australian"
"612","Ptilorrhoa leucosticta",0.771603210153042,0.903186274509804,"Australian"
"613","Pucrasia macrolopha",0.730903225806452,0.952739649592679,"Palearctic"
"614","Pycnonotus jocosus",0.770576236613973,0.922250859106529,"Indo_Malay"
"615","Pycnonotus melanicterus",0.785924379714408,0.951890482398957,"Indo_Malay"
"616","Pycnonotus sinensis",0.770907738095238,0.898726312519416,"Palearctic"
"617","Pycnonotus taivanus",0.774603174603175,0.895505395505396,"Indo_Malay"
"618","Pycnonotus xanthorrhous",0.756089743589744,0.934758439458258,"Palearctic"
"619","Pygoscelis adeliae",0.81559497413156,0.930926216640502,"Antarctic"
"620","Pygoscelis antarcticus",0.844551282051282,0.88960270498732,"Antarctic"
"621","Pygoscelis papua",0.832091097308489,0.916015930032797,"Antarctic"
"622","Pyrrhocorax graculus",0.696666666666667,0.937088274044796,"Palearctic"
"623","Pyrrhocorax pyrrhocorax",0.694506494580955,0.916721527320606,"Palearctic"
"624","Pyrrhula pyrrhula",0.768761726078799,0.91403242147923,"Palearctic"
"625","Pyrrhura rupicola",0.840395480225989,0.903488372093023,"Neotropic"
"626","Quiscalus mexicanus",0.79404552774118,0.918036750483559,"Nearctic"
"627","Quiscalus quiscula",0.812772843594761,0.913994565217391,"Nearctic"
"628","Rallus aquaticus",0.786889332003988,0.906247261894331,"Palearctic"
"629","Recurvirostra avosetta",0.783676533676534,0.944810744810745,"Palearctic"
"630","Regulus calendula",0.74312675800744,0.934912081678956,"Nearctic"
"631","Regulus regulus",0.703414351851852,0.929971988795518,"Palearctic"
"632","Regulus satrapa",0.729158878504673,0.925900592795258,"Nearctic"
"633","Remiz consobrinus",0.921692913385827,0.847822536744692,"Palearctic"
"634","Rhabdornis inornatus",0.755038759689922,0.924784234752589,"Indo_Malay"
"635","Rhagologus leucostigma",0.714928546704248,0.929274496792745,"Australian"
"636","Rhea americana",0.760382775119617,0.896132172131147,"Neotropic"
"637","Rhea pennata",0.779744787922358,0.876543209876543,"Neotropic"
"638","Rhegmatorhina hoffmannsi",0.698389111426972,0.931203515889114,"Neotropic"
"639","Rhinopomastus cyanomelas",0.771497584541063,0.868268978198056,"Afrotropic"
"640","Rhipidura dahli",0.72414490993726,0.938330170777989,"Australian"
"641","Rhipidura fuliginosa",0.696005620232838,0.937527618205921,"Australian"
"642","Rhodinocichla rosea",0.791895604395604,0.870588235294118,"Neotropic"
"643","Rhynchopsitta terrisi",0.676891453869871,0.885987057317594,"Nearctic"
"644","Rhynochetos jubatus",0.726651637835848,0.925900592795258,"Australian"
"645","Rupicola peruvianus",0.668075764722958,0.942498347653668,"Neotropic"
"646","Sakesphorus luctuosus",0.68129074315515,0.942156862745098,"Neotropic"
"647","Saltator similis",0.830924151372422,0.927634865134865,"Neotropic"
"648","Sapayoa aenigma",0.735131255127153,0.930438893131159,"Neotropic"
"649","Sasia ochracea",0.76601368159204,0.918845315904139,"Indo_Malay"
"650","Sclerurus mexicanus",0.671443241224795,0.93390105433901,"Neotropic"
"651","Scolopax rusticola",0.71547619047619,0.922146636432351,"Palearctic"
"652","Scytalopus superciliaris",0.661811505507956,0.933379120879121,"Neotropic"
"653","Serilophus lunatus",0.78319783197832,0.858962264150943,"Indo_Malay"
"654","Serinus albogularis",0.745212593313859,0.974960957834461,"Afrotropic"
"655","Serinus canaria",0.75205978156735,0.961647727272727,"Palearctic"
"656","Sicalis olivascens",0.762914485165794,0.91703003875969,"Neotropic"
"657","Sitta carolinensis",0.794212098581031,0.919800707168113,"Nearctic"
"658","Sitta europaea",0.827195121951219,0.92618059159315,"Palearctic"
"659","Sitta himalayensis",0.794834056957834,0.936421052631579,"Indo_Malay"
"660","Sitta nagaensis",0.834240663086393,0.933316929133858,"Palearctic"
"661","Sitta villosa",0.695235148514851,0.902462121212121,"Palearctic"
"662","Smithornis sharpei",0.727777777777778,0.932044549076422,"Afrotropic"
"663","Spheniscus demersus",0.83151455026455,0.935294117647059,"Afrotropic"
"664","Spheniscus humboldti",0.813657407407407,0.939876215738285,"Neotropic"
"665","Spheniscus magellanicus",0.827761389708292,0.948610213316096,"Neotropic"
"666","Spheniscus mendiculus",0.832407407407407,0.929824561403509,"Neotropic"
"667","Spilornis cheela",0.837926509186352,0.892873079620068,"Indo_Malay"
"668","Spizaetus tyrannus",0.805172413793103,0.869717459550833,"Neotropic"
"669","Spizella passerina",0.822311827956989,0.926242236024845,"Nearctic"
"670","Sporophila hypoxantha",0.810702498821311,0.923005409060176,"Neotropic"
"671","Steatornis caripensis",0.774665551839465,0.911553019441418,"Neotropic"
"672","Stercorarius parasiticus",0.700022454609611,0.911514253980007,"Nearctic"
"673","Sterna hirundo",0.66573199527745,0.922593718338399,"Palearctic"
"674","Sterna paradisaea",0.66463700234192,0.917047401484866,"Nearctic"
"675","Streptopelia decaocto",0.740248226950355,0.9101966873706,"Palearctic"
"676","Streptopelia orientalis",0.766792452830189,0.894181585677749,"Palearctic"
"677","Strigops habroptila",0.636831683168317,0.941075514874142,"Australian"
"678","Strix uralensis",0.761543926118873,0.856578115117015,"Palearctic"
"679","Struthidea cinerea",0.742924528301887,0.926101694915254,"Australian"
"680","Struthio camelus",0.707572209211554,0.890227576974565,"Afrotropic"
"681","Sturnus cineraceus",0.838402457757296,0.874223602484472,"Palearctic"
"682","Sturnus sericeus",0.860096476293659,0.911821705426357,"Indo_Malay"
"683","Sturnus vulgaris",0.82816798092793,0.895573380867499,"Palearctic"
"684","Sylvia atricapilla",0.701169279829923,0.929565217391304,"Palearctic"
"685","Sylvia borin",0.738138965411693,0.909829721362229,"Palearctic"
"686","Sylviparus modestus",0.790524237771441,0.903921568627451,"Palearctic"
"687","Synthliboramphus antiquus",0.688089622641509,0.956862745098039,"Palearctic"
"688","Synthliboramphus wumizusume",0.700778270281414,0.935335102853351,"Palearctic"
"689","Syrmaticus ellioti",0.711402821316614,0.927882236516576,"Indo_Malay"
"690","Syrmaticus humiae",0.711402821316614,0.927882236516576,"Indo_Malay"
"691","Syrmaticus reevesii",0.724576271186441,0.897689267254485,"Palearctic"
"692","Tachuris rubrigastra",0.707209805335256,0.926360431813175,"Neotropic"
"693","Tachybaptus novaehollandiae",0.83130081300813,0.958710407239819,"Australian"
"694","Tachybaptus ruficollis",0.825859950859951,0.949791293977341,"Afrotropic"
"695","Tachycineta albilinea",0.8435780787135,0.942519251925192,"Neotropic"
"696","Tachycineta albiventer",0.828149920255183,0.933866279069767,"Neotropic"
"697","Tachycineta bicolor",0.828005974607916,0.931372549019608,"Nearctic"
"698","Tachycineta cyaneoviridis",0.819764216366158,0.932097186700767,"Neotropic"
"699","Tachycineta euchrysea",0.826637140145524,0.945378151260504,"Neotropic"
"700","Tachycineta leucorrhoa",0.847418872570574,0.923039215686275,"Neotropic"
"701","Tachycineta meyeni",0.840888278388278,0.934093637454982,"Neotropic"
"702","Tachycineta stolzmanni",0.796984924623116,0.914477672257022,"Neotropic"
"703","Tachycineta thalassina",0.806917211328976,0.929387755102041,"Nearctic"
"704","Tadorna ferruginea",0.871677252411197,0.869847543760587,"Palearctic"
"705","Tadorna tadorna",0.832563576234462,0.799507735583685,"Palearctic"
"706","Taeniopygia guttata",0.808973026049789,0.936497326203209,"Australian"
"707","Tarsiger cyanurus",0.819103649495384,0.951680672268908,"Palearctic"
"708","Terpsiphone atrocaudata",0.755320917858331,0.943709846107874,"Palearctic"
"709","Tetraogallus himalayensis",0.787305487305487,0.906431803490627,"Palearctic"
"710","Tetraogallus tibetanus",0.793610547667343,0.932125307125307,"Palearctic"
"711","Tetraophasis obscurus",0.774528972627089,0.899275362318841,"Palearctic"
"712","Tetraophasis szechenyii",0.763892489845303,0.902216117216117,"Palearctic"
"713","Thraupis episcopus",0.787544720858641,0.886572606214331,"Neotropic"
"714","Threskiornis aethiopicus",0.722249916915919,0.919110836677987,"Afrotropic"
"715","Thryothorus ludovicianus",0.836754117354962,0.876887871853547,"Nearctic"
"716","Tichodroma muraria",0.712006578947368,0.923889555822329,"Palearctic"
"717","Tinamus major",0.649876460017969,0.925696594427245,"Neotropic"
"718","Todus mexicanus",0.785164835164835,0.919366074538488,"Neotropic"
"719","Toxostoma redivivum",0.849242424242424,0.92953431372549,"Nearctic"
"720","Tragopan caboti",0.740592211460856,0.893045069778083,"Indo_Malay"
"721","Tragopan temminckii",0.728738255033557,0.894954507857734,"Palearctic"
"722","Tregellasia capito",0.800950683303625,0.92088122605364,"Australian"
"723","Tregellasia leucops",0.776104616603923,0.921765734265734,"Australian"
"724","Tringa erythropus",0.708341372435526,0.958110614159485,"Palearctic"
"725","Tringa glareola",0.677762803234501,0.962217514124294,"Palearctic"
"726","Tringa nebularia",0.708728342595619,0.968833373756973,"Palearctic"
"727","Tringa ochropus",0.674941910236028,0.942783898767318,"Palearctic"
"728","Tringa stagnatilis",0.700182069311904,0.963585434173669,"Palearctic"
"729","Tringa totanus",0.704011288979365,0.959166666666667,"Palearctic"
"730","Trogon melanurus",0.66347687400319,0.92943405162207,"Neotropic"
"731","Trogon viridis",0.629429482636428,0.926782594225809,"Neotropic"
"732","Trugon terrestris",0.696059431524548,0.916148251993341,"Australian"
"733","Turdus cardis",0.816376963350785,0.883302392739274,"Palearctic"
"734","Turdus hortulorum",0.825352822580645,0.878094059405941,"Palearctic"
"735","Turdus kessleri",0.804718282111899,0.883889450623526,"Palearctic"
"736","Turdus merula",0.799524512215117,0.884864689677524,"Palearctic"
"737","Turdus migratorius",0.814422808811228,0.883759733036708,"Nearctic"
"738","Turdus philomelos",0.779224270353303,0.885733603786342,"Palearctic"
"739","Turdus ruficollis",0.797660377358491,0.896367521367521,"Palearctic"
"740","Turdus rufiventris",0.807987711213518,0.89140708915145,"Neotropic"
"741","Turnix velox",0.758766233766234,0.928869420108469,"Australian"
"742","Tyrannus savana",0.657394561598224,0.922212618841832,"Neotropic"
"743","Upupa epops",0.78630574790567,0.931877444589309,"Afrotropic"
"744","Uragus sibiricus",0.792297297297297,0.92668814125507,"Palearctic"
"745","Urocissa caerulea",0.717483108108108,0.94469290399523,"Indo_Malay"
"746","Urocolius indicus",0.723036624050755,0.940893470790378,"Afrotropic"
"747","Urocynchramus pylzowi",0.773580557301488,0.919424019607843,"Palearctic"
"748","Vanellus cinereus",0.788124156545209,0.930686274509804,"Palearctic"
"749","Vanellus vanellus",0.752179846842065,0.931126482213439,"Palearctic"
"750","Vestiaria coccinea",0.752592912705272,0.937012987012987,"Oceania"
"751","Vidua chalybeata",0.789376289285281,0.930654761904762,"Afrotropic"
"752","Vidua macroura",0.817692307692308,0.939338235294118,"Afrotropic"
"753","Vireo altiloquus",0.780101923042776,0.96019801980198,"Neotropic"
"754","Vireo olivaceus",0.814584524490185,0.945247524752475,"Nearctic"
"755","Xanthopsar flavus",0.784518572825024,0.932074504442925,"Neotropic"
"756","Xenus cinereus",0.697541452258433,0.881393861892583,"Palearctic"
"757","Xiphorhynchus elegans",0.673055555555556,0.957504986167407,"Neotropic"
"758","Yuhina diademata",0.779232804232804,0.944259669869426,"Palearctic"
"759","Yuhina nigrimenta",0.774810039143449,0.928120516499283,"Indo_Malay"
"760","Zenaida auriculata",0.782418524871355,0.908117908527313,"Neotropic"
"761","Zenaida macroura",0.75998517282921,0.885224931889162,"Nearctic"
"762","Zonotrichia albicollis",0.833820346320346,0.952934662236988,"Nearctic"
"763","Zosterops abyssinicus",0.722938530734633,0.923011015911873,"Afrotropic"
"764","Zosterops erythropleurus",0.722255703831253,0.933652530779754,"Palearctic"
"765","Zosterops lateralis",0.733356094230113,0.949210706932052,"Australian"
"766","Zosterops poliogastrus",0.730631437527989,0.908561296859169,"Afrotropic"
