"","X.insessorial1.","X.med_c.","X.0.235714975198238.","X.0.00184470358502261.","X..0.454588226886974."
"1","insessorial1","med_c","0.235714975198238","0.00184470358502261","-0.454588226886974"
"2","insessorial1","med_a",NA,NA,NA
"3","insessorial1","Beak_length_Culmen","0.143832751370585","0.0028016711049878","-0.000909992160488899"
"4","insessorial1","Beak_length_Nares",NA,NA,NA
"5","insessorial1","Beak_width","0.804013061455426","8.08658068991694e-05","0.000817806661830513"
"6","insessorial1","Beak_depth","0.632449401485685","0.000300353780343207","0.00105106243305793"
"7","insessorial1","Tarsus_length","0.00767212918720794","0.00929136293032735","-0.0012485700576284"
"8","insessorial1","Wing_length","0.000859211395170423","0.0144820873192056","-0.000599516204405838"
"9","insessorial1","Kipps_distance","2.58885893900107e-05","0.0229730671843921","-0.00156950145369727"
"10","insessorial1","Hand_wing_index","0.00113433650120554","0.013816133310928","-0.00529057407351413"
"11","insessorial1","Tail_length","0.574474995903512","0.000413902602266167","-0.000117762297522932"
"12","insessorial1","Mass","0.476792458092536","0.000664507623990211","-2.48266080027834e-06"
"13","insessorial1","forest1","6.92246260314278e-12","0.0599148498038138","0.19386142728628"
"14","insessorial1","grassland1","0.0727126208817992","0.00422047967425853","-0.0647054017039396"
"15","insessorial1","human1","0.0349084439782055","0.00582622528390034","-0.119062956010789"
"16","insessorial1","wetland1","0.939425735653787","7.58333395754801e-06","-0.00295261474342408"
"17","insessorial1","shrubland1","0.5720010220964","0.000419276212956322","-0.0227838449318948"
"18","insessorial1","woodland1","0.0439471207866153","0.00531555327407959","-0.0788493794130406"
"19","insessorial1","marine1","0.262868648870633","0.00164485159104129","-0.110423667453875"
"20","insessorial1","riverline1","0.465571003543038","0.000698991451894343","-0.099188526119945"
"21","insessorial1","coastal1","0.839682697309544","5.37412002104548e-05","-0.0141401369776692"
"22","insessorial1","rock1","7.67658760336687e-06","0.0259434666585172","-0.402755200952047"
"23","insessorial1","desert1","0.207148422507536","0.00208743606842506","-0.223188674871976"
"24","insessorial1","carnivore1","0.0573237597482095","0.00473356508854474","-0.0651928818377459"
"25","insessorial1","herbivore1","0.2052483312135","0.0021049767993239","0.0494348660337278"
"26","insessorial1","omnivore1","0.397273807631942","0.000940545275428733","0.0276688290148276"
"27","insessorial1","scavenger1","0.303935628220196","0.00138688473498202","-0.361303004785901"
"28","insessorial1","australian1","0.130944273600616","0.0029912796503569","-0.0756395770517483"
"29","insessorial1","palearctic1","0.0100131290199634","0.00867203438788513","-0.074148498208208"
"30","insessorial1","indo_malay1","0.00701063173245764","0.00950182851403928","0.104794930913231"
"31","insessorial1","madagascar1","0.703179817278384","0.000190638464837516","0.0750510366308687"
"32","insessorial1","neotropic1","0.142563449674601","0.00281948271913704","0.0590858131827653"
"33","insessorial1","nearctic1","0.428755666470013","0.000821975266177797","-0.0324438877514936"
"34","insessorial1","afrotropic1","0.816193775420666","7.09493456090377e-05","0.0106037203702435"
"35","insessorial1","oceania1","0.00165938919162767","0.0129069926544522","0.343126362717952"
"36","insessorial1","antarctic1","0.75399653812138","0.000128951947025249","-0.0387196742588757"
"37","insessorial1","invertivore1","0.865449048778865","3.7701928438428e-05","0.00663626209891706"
"38","insessorial1","vertivore1","0.922726301729011","1.23558272988431e-05","0.0105732748609921"
"39","insessorial1","aquatic_predator1","0.0295291423548427","0.00620064911251512","-0.12802857443458"
"40","insessorial1","omnivoretn1","0.609859599212751","0.000341871124273017","0.0150123873608764"
"41","insessorial1","granivore1","3.15063345568412e-05","0.0224938877154679","-0.222681077709144"
"42","insessorial1","frugivore1","5.72884585658961e-06","0.0266594502521782","0.226420496264183"
"43","insessorial1","nectarivore1","0.321445282416346","0.00129011464899754","0.131529155264161"
"44","insessorial1","herbivore_aquatic1","0.912696547959905","1.57851250876929e-05","-0.0137773045278893"
"45","insessorial1","herbivore_terrestrial1",NA,NA,NA
"46","insessorial1","scavengertn1","0.303935628220196","0.00138688473498202","-0.361303004785901"
"47","insessorial1","terrestrial1","0","0.311101111436327","-0.582031579491532"
"48","insessorial1","generalist1","0","0.17179285454739","-0.441293690748739"
"49","insessorial1","aerial1","6.98510821184328e-07","0.0318128317649561","-0.325466861764653"
"50","insessorial1","aquatic1","0.429033633781616","0.000820986317872962","-0.0726151804541365"
"51","insessorial1","fTn","0.570317601144248","0.000422958863401571","-0.151698519596129"
"52","insessorial1","fCn","0.00128338618210466","0.0135207103434976","2.17403798576907"
"53","insessorial1","fAn","0.00873639332057774","0.008988814913815","-0.85412289521637"
"54","insessorial1","fGn","0.201923808596106","0.00213613203365651","0.308808442181725"
"55","insessorial1","ghahSkew","0.0287816501786304","0.00625823885007292","0.188525145466966"
"56","insessorial1","Stg_Sac",NA,NA,NA
"57","terrestrial1","med_c","0.488810827972729","0.000629011187582525","0.261684266142414"
"58","terrestrial1","med_a","0.433397052004457","0.000805588144359519","-0.442684300499071"
"59","terrestrial1","Beak_length_Culmen","0.0524242560365411","0.00492829650955758","0.00117338714688909"
"60","terrestrial1","Beak_length_Nares","0.0485606007536628","0.00509593542706133","0.00161938271607976"
"61","terrestrial1","Beak_width","0.937928163706332","7.96369993445043e-06","-0.000250237190549395"
"62","terrestrial1","Beak_depth","0.774654406545804","0.000107628022121425","-0.000607522215261157"
"63","terrestrial1","Tarsus_length","4.62175154460898e-05","0.0215596594005948","0.0018663877799381"
"64","terrestrial1","Wing_length","0.016153655740512","0.0075694558350401","0.000428042660989655"
"65","terrestrial1","Kipps_distance","0.0428034241835351","0.00537375211407105","0.000749984127252983"
"66","terrestrial1","Hand_wing_index","0.0626367859403443","0.00454139967189394","0.0029579612431574"
"67","terrestrial1","Tail_length","0.638887908013125","0.000289123666540761","9.44050689199272e-05"
"68","terrestrial1","Mass","0.604503279296019","0.00035221255974764","1.77956224413412e-06"
"69","terrestrial1","forest1","4.82969528521338e-05","0.021452421333193","-0.107695157808609"
"70","terrestrial1","grassland1","0.00758082317614761","0.00931928723885544","0.0869181428443985"
"71","terrestrial1","human1","5.25699224458442e-05","0.0212458885309551","0.203774084291064"
"72","terrestrial1","wetland1","0.535769843781796","0.000503400910698037","-0.0211347444826761"
"73","terrestrial1","shrubland1","0.961096147381993","3.12448759301884e-06","0.00177747899793871"
"74","terrestrial1","woodland1","0.282583793048173","0.00151509685426253","-0.0378417782328898"
"75","terrestrial1","marine1","0.00219785947502826","0.0122376770231196","-0.283990185158219"
"76","terrestrial1","riverline1","0.911917814584481","1.60691370626656e-05","-0.0138292356866867"
"77","terrestrial1","coastal1","0.808615851091113","7.70379633180327e-05","0.0142453336925408"
"78","terrestrial1","rock1","2.22881394926766e-05","0.0233385977534268","0.347098323844232"
"79","terrestrial1","desert1","0.142299430304003","0.00282320997369045","0.243355892754316"
"80","terrestrial1","carnivore1","0.000208691318965393","0.0178959077428581","0.113368865433744"
"81","terrestrial1","herbivore1","0.116092633910482","0.00323737235456121","-0.0559791398478727"
"82","terrestrial1","omnivore1","0.0228430067168159","0.00677980353357571","-0.06545505865531"
"83","terrestrial1","scavenger1","0.0668000028458202","0.00440255961384989","0.654136549676183"
"84","terrestrial1","australian1","0.896832135665076","2.20782748996509e-05","-0.00620785424414988"
"85","terrestrial1","palearctic1","0.266220234890102","0.00162195191413588","0.0291808071405592"
"86","terrestrial1","indo_malay1","0.85127044871176","4.61648823395106e-05","0.00670725739603761"
"87","terrestrial1","madagascar1","0.611824837897537","0.000338125478087498","0.0999221241330764"
"88","terrestrial1","neotropic1","0.327356056106582","0.0012589946919265","-0.0364152040816245"
"89","terrestrial1","nearctic1","0.40765754369779","0.000899951602258404","0.0308863943742376"
"90","terrestrial1","afrotropic1","0.69318781969456","0.000204386180725988","-0.0166223606717852"
"91","terrestrial1","oceania1","0.00905212990606286","0.00890627137649746","-0.254530912101543"
"92","terrestrial1","antarctic1","0.432306380036319","0.000809414960983069","-0.0902150938677165"
"93","terrestrial1","invertivore1","0.0712273026758776","0.00426469077305858","0.065257635964594"
"94","terrestrial1","vertivore1","0.536884935317838","0.000500654281123814","-0.0653832438580093"
"95","terrestrial1","aquatic_predator1","0.617993903785883","0.000326535198291737","-0.0268126003683426"
"96","terrestrial1","omnivoretn1","0.91991066051324","1.32757460962462e-05","-0.00265001492903275"
"97","terrestrial1","granivore1","0.0298282029521957","0.00617803149078526","0.10992692667866"
"98","terrestrial1","frugivore1","0.00415688326147112","0.0107286063754942","-0.130255012105553"
"99","terrestrial1","nectarivore1","0.530412384372283","0.000516742788329192","-0.0809417993713389"
"100","terrestrial1","herbivore_aquatic1","0.00982157047362398","0.00871683698470545","-0.284746174746723"
"101","terrestrial1","herbivore_terrestrial1","0.272268833681047","0.0015815190471179","0.0895909722233368"
"102","terrestrial1","scavengertn1","0.0668000028458202","0.00440255961384989","0.654136549676183"
"103","terrestrial1","insessorial1","0","0.304641565020354","-0.527767488784903"
"104","terrestrial1","generalist1","0","0.105970594957809","-0.310707882539865"
"105","terrestrial1","aerial1","0.0693354971384177","0.004322450590538","-0.108775102030757"
"106","terrestrial1","aquatic1","1.54226887527642e-06","0.0298723878795284","-0.415679676539117"
"107","terrestrial1","fTn","0.555605979091351","0.000456060677688438","-0.139776702300641"
"108","terrestrial1","fCn","0.553486887139974","0.000460967109652871","-0.357872094673346"
"109","terrestrial1","fAn","0.487837207274616","0.000631833029226954","0.201391657807495"
"110","terrestrial1","fGn","0.819210073994408","6.85992988058082e-05","0.04920044088981"
"111","terrestrial1","ghahSkew","0.758832448089819","0.000123771448550078","-0.0236295905245069"
"112","terrestrial1","Stg_Sac","0.671585372999496","0.000236023640849229","-0.0637998585682327"
"113","generalist1","med_c","0.0914403064214118","0.00373408968538875","0.387161236404832"
"114","generalist1","med_a","0.495423747435175","0.000610090090705668","-0.285564999111676"
"115","generalist1","Beak_length_Culmen","0.639558468367943","0.000287969079730656","-0.000171175254577155"
"116","generalist1","Beak_length_Nares","0.540800873130202","0.00049109061899998","-0.000287796709641474"
"117","generalist1","Beak_width","0.839314394627422","5.39918162476726e-05","-0.000405851930528714"
"118","generalist1","Beak_depth","0.985003268510616","4.63974544790259e-07","-2.50407301847932e-05"
"119","generalist1","Tarsus_length","0.832562202662151","5.86942327809856e-05","5.4206362353979e-05"
"120","generalist1","Wing_length","0.658437508133165","0.000256601499146307","4.58824327839855e-05"
"121","generalist1","Kipps_distance","0.91977945191267","1.33194276457012e-05","2.13083179911034e-05"
"122","generalist1","Hand_wing_index","0.201169890550143","0.00214328117552574","-0.00119625046016446"
"123","generalist1","Tail_length","0.5889770976806","0.000383307332793963","7.46481200035183e-05"
"124","generalist1","Mass","0.821711814529594","6.66817228904597e-05","-5.07416029946299e-07"
"125","generalist1","forest1","0.169258015346837","0.00247821383991206","-0.030643585053674"
"126","generalist1","grassland1","0.47687791315002","0.000664250062610611","-0.0223413730214927"
"127","generalist1","human1","0.270107028008923","0.00159584021802265","-0.0560148952659514"
"128","generalist1","wetland1","0.625086572375538","0.000313519875373325","-0.0159944794966448"
"129","generalist1","shrubland1","0.52115595406216","0.000540372627403819","0.0229458279254377"
"130","generalist1","woodland1","0.00295243958574343","0.0115371612550248","0.103811390291901"
"131","generalist1","marine1","0.314943985344801","0.0013252248191941","0.056963938705141"
"132","generalist1","riverline1","0.514400817423494","0.000558090582324134","0.0720203482659646"
"133","generalist1","coastal1","0.898776242540988","2.12495720696388e-05","0.00873571939563465"
"134","generalist1","rock1","0.85058143021302","4.65987057907041e-05","-0.0144511672478824"
"135","generalist1","desert1","0.429361331620675","0.00081982168040893","-0.123042517353585"
"136","generalist1","carnivore1","0.0779009482390585","0.00407330728980185","-0.0439609675225457"
"137","generalist1","herbivore1","0.477728611909818","0.000661690151285435","0.0204221074615922"
"138","generalist1","omnivore1","0.191627529397176","0.00223657551071434","0.0367213988363112"
"139","generalist1","scavenger1","0.822717214466484","6.59191310726938e-05","-0.0463662193880349"
"140","generalist1","australian1","0.0290623096769171","0.00623643545354803","0.0717513625647698"
"141","generalist1","palearctic1","0.881481270561006","2.9189766891532e-05","0.0033953373848285"
"142","generalist1","indo_malay1","0.104126157255342","0.00346238244230122","-0.0503280493512404"
"143","generalist1","madagascar1","0.6394957630409","0.000288076927900299","-0.0622951768482422"
"144","generalist1","neotropic1","0.382252655071314","0.00100205112728439","-0.0254664663845804"
"145","generalist1","nearctic1","0.973572544370303","1.44118299717278e-06","0.00121469251194415"
"146","generalist1","afrotropic1","0.617623231858591","0.000327224474111808","0.0180701668059248"
"147","generalist1","oceania1","0.172877004160621","0.00243670595524292","-0.115241389402728"
"148","generalist1","antarctic1","0.199390355504968","0.00216028134212332","0.11239378561977"
"149","generalist1","invertivore1","0.255238425169374","0.00169836037923934","-0.0315197407570543"
"150","generalist1","vertivore1","0.100589881999387","0.00353433675936148","0.114061222588582"
"151","generalist1","aquatic_predator1","0.6109008418436","0.00033988333415765","-0.0197429307044724"
"152","generalist1","omnivoretn1","0.943672407319967","6.55561251971325e-06","-0.00176415432341016"
"153","generalist1","granivore1","0.000238751364578738","0.0175700218568765","0.145735464794037"
"154","generalist1","frugivore1","0.152016234912115","0.00269092406159376","-0.0569638804749262"
"155","generalist1","nectarivore1","0.579417208205986","0.00040330366809129","-0.0491355408658217"
"156","generalist1","herbivore_aquatic1","0.283520874362648","0.00150921420755315","-0.113601522919079"
"157","generalist1","herbivore_terrestrial1","0.966412454644823","2.32842661154331e-06","0.0035323188728136"
"158","generalist1","scavengertn1","0.822717214466484","6.59191310726938e-05","-0.0463662193880349"
"159","generalist1","insessorial1","0","0.139525213347725","-0.269271348832811"
"160","generalist1","terrestrial1","2.74380518305861e-12","0.0621520306673692","-0.182237851419934"
"161","generalist1","aerial1",NA,NA,NA
"162","generalist1","aquatic1","0.0606663446172795","0.00461057560793748","-0.100409056548751"
"163","generalist1","fTn","0.14000038490005","0.00285599805523629","0.366857112009777"
"164","generalist1","fCn","0.0775905177225522","0.0040818132311839","-1.10355742444979"
"165","generalist1","fAn","0.43075908804583","0.000814869098229929","0.240424140126975"
"166","generalist1","fGn","0.201136897828319","0.00214359475226017","-0.286755480450546"
"167","generalist1","ghahSkew","0.244859226250328","0.00177439000544001","-0.0929353719334956"
"168","generalist1","Stg_Sac","0.94129398782039","7.12194016002776e-06","0.0114347858175674"
"169","aerial1","med_c","0.931899225742533","9.58977781038432e-06","0.0171302036859813"
"170","aerial1","med_a","0.947587032609469","5.67481285452114e-06","0.0207939882515573"
"171","aerial1","Beak_length_Culmen","0.10502437913046","0.00344453069946799","-0.000529670515859001"
"172","aerial1","Beak_length_Nares","0.120400838440639","0.00316254991728946","-0.000675225997557501"
"173","aerial1","Beak_width","0.352899863957753","0.00113265041262776","-0.00160728539154929"
"174","aerial1","Beak_depth","0.19806699294696","0.00217303937709774","-0.00149396525567163"
"175","aerial1","Tarsus_length","0.0191260655004573","0.00718346260917242","-0.000567886623200109"
"176","aerial1","Wing_length","0.0134592221927483","0.00798856597764572","0.000231595736057832"
"177","aerial1","Kipps_distance","6.75632882973787e-11","0.054391493594857","0.00124451960977717"
"178","aerial1","Hand_wing_index","0","0.111381517375295","0.00767331251510038"
"179","aerial1","Tail_length","0.487170768573109","0.000633769960470156","7.75796807023716e-05"
"180","aerial1","Mass","0.794865974109255","8.87662526648791e-05","-4.74331797689467e-07"
"181","aerial1","forest1","0.0538347987128742","0.00487032390951704","-0.0302395872286788"
"182","aerial1","grassland1","0.443056325344864","0.000772326478755914","0.0155827844759443"
"183","aerial1","human1","0.629508679574593","0.000305570582759892","0.0153862115897539"
"184","aerial1","wetland1","0.194228610071813","0.00221061556681359","-0.0287411730286814"
"185","aerial1","shrubland1","0.681924937202999","0.000220549519291366","0.00927781454961846"
"186","aerial1","woodland1","0.708350495873915","0.000183738974626057","-0.0082462366324573"
"187","aerial1","marine1","0.0064536409580136","0.00969538265723361","0.143030910176135"
"188","aerial1","riverline1","0.945165424278338","6.21215246261282e-06","-0.0051669616410783"
"189","aerial1","coastal1","0.00740541129495464","0.00937390964091773","0.109956934529428"
"190","aerial1","rock1","0.350985725859011","0.00114168513177231","0.0470680357247478"
"191","aerial1","desert1","0.992801296638316","1.06898149914922e-07","-0.000882655027930442"
"192","aerial1","carnivore1","0.371489091507699","0.00104827120239054","0.0169685201802987"
"193","aerial1","herbivore1","0.921684096158975","1.26924467874748e-05","-0.00212384050186695"
"194","aerial1","omnivore1","0.484876996478242","0.000640470231934902","-0.0129332386269775"
"195","aerial1","scavenger1","0.40697873699185","0.000902559122917715","-0.147812255984452"
"196","aerial1","australian1","0.92886547438092","1.04655385084102e-05","-0.00239488658887887"
"197","aerial1","palearctic1","0.232627707450298","0.0018691921570718","0.0191204046761016"
"198","aerial1","indo_malay1","0.0970379249380851","0.00360944212001907","-0.0355399923241968"
"199","aerial1","madagascar1","0.342343136066575","0.00118332663091816","-0.0969950665244474"
"200","aerial1","neotropic1","0.859889216550762","4.09152566230427e-05","-0.00391055908677611"
"201","aerial1","nearctic1","0.557434869524582","0.000451854541883078","0.0135116611256825"
"202","aerial1","afrotropic1","0.467075206917394","0.000694291716065843","-0.0182579070984771"
"203","aerial1","oceania1","0.77108081664289","0.000111167210127648","-0.0179263590775271"
"204","aerial1","antarctic1","0.0319713190925608","0.00602254203853109","0.144952149380556"
"205","aerial1","invertivore1","0.695077322787653","0.000201744177437523","-0.00837805286289926"
"206","aerial1","vertivore1","0.386098089694399","0.000985981084918868","0.050269493685581"
"207","aerial1","aquatic_predator1","3.57498452687732e-05","0.0221857023413748","0.132745711731089"
"208","aerial1","omnivoretn1","0.141872284191634","0.00282925661429694","-0.0243368905090657"
"209","aerial1","granivore1","0.751327863071075","0.000131860757283124","-0.0092813605876399"
"210","aerial1","frugivore1","0.401324011965333","0.00092453020725775","-0.0232853365158023"
"211","aerial1","nectarivore1","0.391711894501528","0.000962925596883901","0.0604861473645721"
"212","aerial1","herbivore_aquatic1","0.92829205367199","1.06354027090576e-05","-0.00643959518953416"
"213","aerial1","herbivore_terrestrial1","0.990184640636344","1.98739479777123e-07","-0.000664582325856427"
"214","aerial1","scavengertn1","0.40697873699185","0.000902559122917715","-0.147812255984452"
"215","aerial1","insessorial1","9.33770347710805e-08","0.0367427662097449","-0.103482367475747"
"216","aerial1","terrestrial1","0.00874945468457233","0.00898534025633789","-0.0533739086840609"
"217","aerial1","generalist1","1.9479973190073e-12","0.0629792450179361","-0.153896264412435"
"218","aerial1","aquatic1","5.20268516757127e-05","0.0212711838920408","-0.195087404161612"
"219","aerial1","fTn","0.2364793674871","0.00183870014312132","-0.1802259566261"
"220","aerial1","fCn","0.23719998382257","0.00183306197036885","-0.456447870028013"
"221","aerial1","fAn","0.496136247856514","0.000608076704670189","-0.127737871512507"
"222","aerial1","fGn","0.0456654218076329","0.0052310393231677","0.275850386814047"
"223","aerial1","ghahSkew","0.105613660660986","0.00343290947492638","0.0799901507090341"
"224","aerial1","Stg_Sac","0.19640595134446","0.00218919485146738","0.124660589015306"
"225","aquatic1","med_c","0.473427152415004","0.000674710662662436","0.109601689065868"
"226","aquatic1","med_a","0.348197687516726","0.00115496525097996","-0.218608194934475"
"227","aquatic1","Beak_length_Culmen","0.868592526083549","3.59449233427379e-05","4.09718012459524e-05"
"228","aquatic1","Beak_length_Nares","0.910355431889277","1.66466860396202e-05","-3.75696519703942e-05"
"229","aquatic1","Beak_width","0.637744996251773","0.00029109805858999","0.000616625294409346"
"230","aquatic1","Beak_depth","0.547386913481482","0.00047528975912743","0.000524097487157069"
"231","aquatic1","Tarsus_length","0.0194690556018631","0.00714295872555184","-0.00043777423776554"
"232","aquatic1","Wing_length","0.00790609163361955","0.00922132881171555","-0.000191405790437546"
"233","aquatic1","Kipps_distance","0.0138586184126082","0.00792126458026094","-0.000369015781099375"
"234","aquatic1","Hand_wing_index","0.300480823382701","0.00140683444615063","-0.000671958941618957"
"235","aquatic1","Tail_length","0.00703019306645114","0.00949531909132454","-0.000223108610564214"
"236","aquatic1","Mass","0.382101429538487","0.00100268777598692","1.21482572369048e-06"
"237","aquatic1","forest1","0.249798877040353","0.0017377238027364","-0.012830427430062"
"238","aquatic1","grassland1","0.179655371789319","0.00236158259697176","-0.0187354524205735"
"239","aquatic1","human1","0.778619472319606","0.000103773502560455","-0.00615991175498504"
"240","aquatic1","wetland1","3.53389463030318e-05","0.0222138936637425","0.0614410397550403"
"241","aquatic1","shrubland1","0.897091365754313","2.19668433049038e-05","-0.00202808045118889"
"242","aquatic1","woodland1","0.826356886364696","6.31969198390949e-05","-0.00334023299948074"
"243","aquatic1","marine1","8.51179729366436e-07","0.0313285189944134","0.189824872703133"
"244","aquatic1","riverline1","0.0847020808062229","0.00389558978414929","0.0915095675091456"
"245","aquatic1","coastal1",NA,NA,NA
"246","aquatic1","rock1","0.958842372073127","3.49731911004024e-06","-0.00182423667031339"
"247","aquatic1","desert1","0.999797376354408","8.46897911597397e-11","-1.76251130194978e-05"
"248","aquatic1","carnivore1","0.572057022679747","0.000419154071148045","-0.00755930753766847"
"249","aquatic1","herbivore1","0.0576771620989263","0.00472020689886712","0.0288193687946489"
"250","aquatic1","omnivore1","0.348547244535886","0.00115329231966","-0.0118780459230523"
"251","aquatic1","scavenger1","0.478687719786606","0.000658812916584025","-0.100188993738624"
"252","aquatic1","australian1","0.880922329206935","2.94678068695536e-05","0.00296563461769118"
"253","aquatic1","palearctic1","0.954240722940205","4.32398134108238e-06","-0.000644821151334654"
"254","aquatic1","indo_malay1","0.224611279668612","0.00193465062883904","0.0184798073519343"
"255","aquatic1","madagascar1","0.894449264076228","2.31160007211063e-05","-0.01045018781833"
"256","aquatic1","neotropic1","0.214102368471732","0.00202482486509533","-0.0195903228289669"
"257","aquatic1","nearctic1","0.687386191867753","0.00021262286516838","0.00642517500023476"
"258","aquatic1","afrotropic1","0.68047188587929","0.000222687065024252","-0.00735300061129891"
"259","aquatic1","oceania1","0.545464486041409","0.000479865481238811","0.0256037300405826"
"260","aquatic1","antarctic1","0.389375590275356","0.000972462974182477","-0.0416616254613618"
"261","aquatic1","invertivore1","0.532766806939813","0.000510849644871369","-0.00958090076795211"
"262","aquatic1","vertivore1","0.656057582809147","0.000260436189699134","-0.0192457275313299"
"263","aquatic1","aquatic_predator1","0.378781228157992","0.0010167559015211","0.0202676442681369"
"264","aquatic1","omnivoretn1","0.0901690504569519","0.00376355208865864","-0.0193497406184067"
"265","aquatic1","granivore1","0.760651913968143","0.000121852405476023","-0.00644284064218373"
"266","aquatic1","frugivore1","0.618403624218715","0.000325774365770312","-0.00967124013304139"
"267","aquatic1","nectarivore1","0.877916624013771","3.09860879020038e-05","-0.00808365726747491"
"268","aquatic1","herbivore_aquatic1","0","0.978991389024628","0.994116166237915"
"269","aquatic1","herbivore_terrestrial1","0.001596732835623","0.0129988225279326","-0.114451627936808"
"270","aquatic1","scavengertn1","0.478687719786606","0.000658812916584025","-0.100188993738624"
"271","aquatic1","insessorial1","0.455478225729894","0.000731161702864666","-0.0106389156617068"
"272","aquatic1","terrestrial1","4.84938450728833e-07","0.0327069655974427","-0.0748636153690908"
"273","aquatic1","generalist1","0.000111936659466849","0.0194071956438257","-0.0584847666342646"
"274","aquatic1","aerial1","0.000571404016289412","0.0154627747122883","-0.0882597200840016"
"275","aquatic1","fTn","0.941969655602776","6.95865818041717e-06","0.00753100230281079"
"276","aquatic1","fCn","0.692120072625587","0.000205887946537696","-0.104287446405087"
"277","aquatic1","fAn","0.0454318333918307","0.0052423301223311","0.253529079074085"
"278","aquatic1","fGn","0.159611651087721","0.00259400442315116","-0.131792203742574"
"279","aquatic1","ghahSkew","0.0451973080302246","0.0052537277668299","-0.0670871238766374"
"280","aquatic1","Stg_Sac","0.0608692649877709","0.0046033422588766","-0.122745379377998"
"281","fTn","med_c","0.61657725230938","0.000329174402868523","0.0138708174369278"
"282","fTn","med_a","0.407391309618175","0.000900973537524724","0.0455744737834891"
"283","fTn","Beak_length_Culmen","0.0326774204979472","0.00597367910659585","8.0338040571306e-05"
"284","fTn","Beak_length_Nares","0.0176675938472628","0.00736448727506846","0.000118099581284859"
"285","fTn","Beak_width","0.293750595365919","0.0014465578719366","0.000247074899250112"
"286","fTn","Beak_depth","0.518289077103247","0.000547842660917445","9.99950940780217e-05"
"287","fTn","Tarsus_length","0.644048211673127","0.000280310821906869","-1.38894585054224e-05"
"288","fTn","Wing_length","0.682313095206547","0.000219980547259249","4.94172203499826e-06"
"289","fTn","Kipps_distance","0.528566421635635","0.00052139623196774","1.53422187324881e-05"
"290","fTn","Hand_wing_index","0.730573710972909","0.000155714050929708","-3.70580639630913e-05"
"291","fTn","Tail_length","0.703354943108341","0.000190402405684436","6.65551221645756e-06"
"292","fTn","Mass","0.318374031453872","0.00130658375116155","-3.00589137708505e-07"
"293","fTn","forest1","0.297938036827399","0.00142170725478847","0.00311975798632963"
"294","fTn","grassland1","0.251134978455083","0.00172795829612794","-0.00507406728770918"
"295","fTn","human1","0.242247316434575","0.00179414436183248","-0.00855929781246753"
"296","fTn","wetland1","0.300845828096383","0.00140471280585362","0.00425701283752888"
"297","fTn","shrubland1","0.237765889113704","0.00182864878686028","-0.00611123236614139"
"298","fTn","woodland1","0.536550562051193","0.000501476800667825","0.0031416715048843"
"299","fTn","marine1","0.990764526809659","1.75949298228852e-07","-7.4640694837369e-05"
"300","fTn","riverline1","0.0614496699434057","0.00458279356002209","-0.0293011675798975"
"301","fTn","coastal1","0.0477056716745416","0.00513492922350612","0.01924743748158"
"302","fTn","rock1","0.784293760347917","9.83890252727282e-05","-0.00305700738224572"
"303","fTn","desert1","0.0523392341381503","0.00493184336307564","-0.044583134209825"
"304","fTn","carnivore1","0.970999404005287","1.73562005966576e-06","0.000111485753677421"
"305","fTn","herbivore1","0.0284509748709629","0.00628421300081819","-0.00718593493229408"
"306","fTn","omnivore1","0.0227174228611773","0.00679229831787172","0.00882768143403617"
"307","fTn","scavenger1","0.646725669386443","0.000275803328742845","0.0132648336194467"
"308","fTn","australian1","0.10221633216175","0.00350090517414404","-0.00679902229098425"
"309","fTn","palearctic1","0.540368653081462","0.000492139979259636","0.00187257723223364"
"310","fTn","indo_malay1","0.72774533257766","0.000159136246002488","0.00149773790601196"
"311","fTn","madagascar1","0.589062613499795","0.000383131426786581","0.0102381326621771"
"312","fTn","neotropic1","0.638411173132822","0.000289946234246339","0.00173155823579046"
"313","fTn","nearctic1","0.0996153612805211","0.00355465165418867","-0.00872941981450605"
"314","fTn","afrotropic1","0.640972899342237","0.000285542902693634","-0.00236557729676376"
"315","fTn","oceania1","0.0969606866457593","0.00361110839414824","0.0182898444251369"
"316","fTn","antarctic1","0.023124773873362","0.00675202611921572","0.025942194409059"
"317","fTn","invertivore1","0.29695221265739","0.00142751725777021","-0.00362445861075944"
"318","fTn","vertivore1","0.158568602168991","0.00260700048823902","0.0109656398405746"
"319","fTn","aquatic_predator1","0.000120435022810561","0.0192294442696359","0.0140292556568765"
"320","fTn","omnivoretn1","0.164199151960434","0.0025379707247431","-0.0046122821554922"
"321","fTn","granivore1","0.0678358986049439","0.00436944479858749","-0.0094155140531056"
"322","fTn","frugivore1","0.241988030388518","0.00179611952278176","0.0064274400507891"
"323","fTn","nectarivore1","0.195146986061141","0.00220154652472494","-0.0135172914711103"
"324","fTn","herbivore_aquatic1","0.51175063731391","0.000565153123540713","0.00820191031474256"
"325","fTn","herbivore_terrestrial1","0.493150597535867","0.000616546216032716","-0.00800059258960188"
"326","fTn","scavengertn1","0.646725669386443","0.000275803328742845","0.0132648336194467"
"327","fTn","insessorial1","0.10871116142739","0.00337296851140842","-0.00508287543568398"
"328","fTn","terrestrial1","0.418603664029992","0.000858766799209889","0.0025647935504397"
"329","fTn","generalist1","0.139930330928545","0.00285700659627901","0.00760297730882417"
"330","fTn","aerial1","0.369117570687338","0.00105870747980918","-0.00499113958816644"
"331","fTn","aquatic1","0.381562954805167","0.00100495761273976","0.00532121684889322"
"332","fTn","fCn","1.17623907551767e-05","0.0249000113262276","-0.399404984063409"
"333","fTn","fAn","6.1304688347974e-07","0.0321325972933835","-0.219828498823016"
"334","fTn","fGn","0","0.510727954522658","-0.644866429865303"
"335","fTn","ghahSkew","6.5450019601343e-05","0.02071226020702","-0.0462163078100311"
"336","fTn","Stg_Sac","2.77999845366139e-13","0.067669590557425","0.16207459199078"
"337","fCn","med_c","0.491571104985399","0.000621061676591862","0.0068344628398318"
"338","fCn","med_a",NA,NA,NA
"339","fCn","Beak_length_Culmen","0.0602745754954108","0.00462461367741628","-2.78434080933738e-05"
"340","fCn","Beak_length_Nares","0.0362548906155138","0.00574191926674864","-4.10761767038466e-05"
"341","fCn","Beak_width","0.199766999477794","0.00215666839544133","-0.000105670839710553"
"342","fCn","Beak_depth","0.0687902483456679","0.0043394108625696","-9.63473981899993e-05"
"343","fCn","Tarsus_length","0.288769030159794","0.00147671718425456","-1.10991791282399e-05"
"344","fCn","Wing_length","0.204403881892149","0.00211283387039449","-5.06914131454623e-06"
"345","fCn","Kipps_distance","0.0890400753370395","0.00379009664165962","-1.41682897956899e-05"
"346","fCn","Hand_wing_index","0.0137012133520118","0.0079475479378006","-9.08795428617454e-05"
"347","fCn","Tail_length","0.844165260255501","5.07395505767009e-05","1.23328844473696e-06"
"348","fCn","Mass","0.583275347560261","0.00039515408298751","6.3288955822787e-08"
"349","fCn","forest1","0.150348328526153","0.00271294161609297","0.00160783127166311"
"350","fCn","grassland1","0.0690794893586477","0.0043303960526698","-0.00313434390758995"
"351","fCn","human1","0.728724322526062","0.000157947003312463","0.00100001422863816"
"352","fCn","wetland1","0.345238802932017","0.00116921781662427","-0.00144417342956195"
"353","fCn","shrubland1","0.0198730541951835","0.00709618390116025","0.00468468523091661"
"354","fCn","woodland1","0.128847023964298","0.00302409879539053","-0.00303098517177235"
"355","fCn","marine1","0.606793654940157","0.000347766695768704","0.00121308010426572"
"356","fCn","riverline1","0.0328945013654613","0.00595887771265244","0.0131345353964952"
"357","fCn","coastal1","0.0467843484427513","0.00517778358228173","-0.00754594091083698"
"358","fCn","rock1","0.447553367020916","0.000757218713714002","-0.00335173328454483"
"359","fCn","desert1","0.85531617978698","4.36599039785533e-05","0.00166149030380189"
"360","fCn","carnivore1","0.245135192787647","0.00177231781916488","-0.00128442191706032"
"361","fCn","herbivore1","0.673958013511031","0.000232418231715367","-0.000509120475807437"
"362","fCn","omnivore1","0.0584926640507568","0.00468971011190811","0.00274910587853327"
"363","fCn","scavenger1","0.148906807471115","0.00273219406563888","0.0164458677571898"
"364","fCn","australian1","0.827885724881684","6.20713962427098e-05","-0.000345778959616162"
"365","fCn","palearctic1","0.366101648968968","0.00107211506118066","-0.00106346863610755"
"366","fCn","indo_malay1","0.335875191334266","0.00121542886693016","0.00160124209360325"
"367","fCn","madagascar1","0.982145774798473","6.57664269611267e-07","0.000167248237826052"
"368","fCn","neotropic1","0.25001245658393","0.00173615846862735","0.00158745946586647"
"369","fCn","nearctic1","0.617807814264387","0.000326881124053875","0.0010408694156173"
"370","fCn","afrotropic1","0.357546676064743","0.00111099317168466","-0.00182182271482892"
"371","fCn","oceania1","0.422684250516684","0.000843819563221762","-0.0033867019599081"
"372","fCn","antarctic1","0.724616495843713","0.000162970629721068","-0.00154658138718006"
"373","fCn","invertivore1","0.0722218469426479","0.00423498001883593","0.00213933454719284"
"374","fCn","vertivore1","0.40301208242025","0.000917924341866294","-0.0024004537084672"
"375","fCn","aquatic_predator1","0.00228282802487456","0.0121475057907161","-0.0043921705228369"
"376","fCn","omnivoretn1","0.0109793256306077","0.00845864650307111","0.00322133973630845"
"377","fCn","granivore1","0.229758101246743","0.00189230819565972","-0.0023634697801261"
"378","fCn","frugivore1","0.0556515121779073","0.0047979801470202","-0.00404970242735111"
"379","fCn","nectarivore1","0.732142030467865","0.000153834382384393","-0.0013389648416134"
"380","fCn","herbivore_aquatic1","0.754655315531446","0.000128239372828643","-0.00139974734961921"
"381","fCn","herbivore_terrestrial1","0.0782912380865199","0.00406266468271224","0.00772471721793947"
"382","fCn","scavengertn1","0.148906807471115","0.00273219406563888","0.0164458677571898"
"383","fCn","insessorial1","0.00704243997472198","0.00949125307948803","0.00304580900266442"
"384","fCn","terrestrial1","0.418583553757774","0.000858841000392925","-0.000917339326358194"
"385","fCn","generalist1","0.122516195232901","0.00312688689275424","-0.0030894316711499"
"386","fCn","aerial1","0.477074360086953","0.000663658256780911","-0.0014569279035897"
"387","fCn","aquatic1","0.192045594915375","0.00223237541416371","-0.00291444566072481"
"388","fCn","fTn","7.06225604041322e-06","0.026147499747963","-0.0636941368218089"
"389","fCn","fAn","1.37667655053519e-14","0.074870913467928","-0.132306776034069"
"390","fCn","fGn","0.799215549621842","8.49606021011448e-05","-0.00328230917538974"
"391","fCn","ghahSkew","1.7222223536173e-07","0.0352433422037308","0.0237792284606295"
"392","fCn","Stg_Sac","2.61009924784616e-09","0.0454920520732808","-0.0523825250711312"
"393","fAn","med_c","0.889707705845239","2.5253121328291e-05","0.00301951958194202"
"394","fAn","med_a","0.629806636841062","0.000305039492156569","0.0211706011706454"
"395","fAn","Beak_length_Culmen","0.980710851182684","7.67645057428083e-07","8.26266958928699e-07"
"396","fAn","Beak_length_Nares","0.716929805691848","0.000172609398027506","1.61257077847797e-05"
"397","fAn","Beak_width","0.820703958768279","6.74508036885599e-05","-4.29405051743225e-05"
"398","fAn","Beak_depth","0.928837916641647","1.04736703983136e-05","-1.08966398795762e-05"
"399","fAn","Tarsus_length","0.82148682518436","6.68530073763229e-05","5.30305943424411e-06"
"400","fAn","Wing_length","0.903217309424205","1.94168797056131e-05","-1.16255243088411e-06"
"401","fAn","Kipps_distance","0.47325254777382","0.000675243243478288","1.39903578702575e-05"
"402","fAn","Hand_wing_index","0.128630162972092","0.00302752623577572","0.000126632713866273"
"403","fAn","Tail_length","0.0060963734305135","0.00982871046537033","-3.9114467188437e-05"
"404","fAn","Mass","0.162320810788609","0.00256069538245398","-3.40113429421033e-07"
"405","fAn","forest1","0.995734873529336","3.75247519669617e-08","-1.27451875086976e-05"
"406","fAn","grassland1","0.699481105850351","0.000195663310457836","0.00138485399619025"
"407","fAn","human1","0.984528272114745","4.93834974285993e-07","-0.000115690180915694"
"408","fAn","wetland1","0.0512805142015309","0.00497652648770807","0.00650499803977964"
"409","fAn","shrubland1","0.193909180277301","0.00221378170668527","-0.00547560460896483"
"410","fAn","woodland1","0.898749709522977","2.12607737107748e-05","-0.000526730149611146"
"411","fAn","marine1","0.196292085057111","0.00219030817811546","-0.00658981866374544"
"412","fAn","riverline1","0.523945410094586","0.000533173579615757","0.00813259448097874"
"413","fAn","coastal1","0.162840715074388","0.00255437556588207","-0.0110635077700326"
"414","fAn","rock1","0.744248558978748","0.000139750614309903","0.00297331923599255"
"415","fAn","desert1","0.951557642836208","4.84655901194029e-06","-0.00114197848800918"
"416","fAn","carnivore1","0.459926094253145","0.000716846528078337","-0.00175246929283843"
"417","fAn","herbivore1","0.010671814770451","0.00852440454220229","0.00632158584633102"
"418","fAn","omnivore1","0.099903444597758","0.00354862378196933","-0.00505970048579299"
"419","fAn","scavenger1","0.937540417724393","8.06370898125932e-06","-0.00184753899146252"
"420","fAn","australian1","0.825657755182293","6.37151488693577e-05","-0.000741694439499473"
"421","fAn","palearctic1","0.781445558716677","0.000101072449969157","0.000684986391066095"
"422","fAn","indo_malay1","0.512542449414647","0.000563036358125206","0.0022748341598777"
"423","fAn","madagascar1","0.505208747930772","0.000582860564886111","-0.01029209825684"
"424","fAn","neotropic1","0.0426835855987333","0.00537994454264154","-0.00596209051022888"
"425","fAn","nearctic1","0.257688701489306","0.00168096433366222","0.00489115110658645"
"426","fAn","afrotropic1","0.0925505255656351","0.00370872031184311","0.00692242152829853"
"427","fAn","oceania1","0.314993493680548","0.00132495387311285","-0.00895883078982815"
"428","fAn","antarctic1","0.608617609308436","0.000344251710673249","-0.00472897440075504"
"429","fAn","invertivore1","0.00361574617016336","0.0110577248423369","-0.00714981944061757"
"430","fAn","vertivore1","0.125035511425361","0.00308529243844836","-0.00951380391077103"
"431","fAn","aquatic_predator1","0.270413745211593","0.00159379963105149","0.0037265658920848"
"432","fAn","omnivoretn1","7.92341515687411e-05","0.020247184021428","0.0102699108005116"
"433","fAn","granivore1","0.991441927483868","1.51083981813387e-07","-4.49842421298488e-05"
"434","fAn","frugivore1","0.0170298372044897","0.0074485396143873","-0.0105611783763996"
"435","fAn","nectarivore1","0.683733375450952","0.000217905968240987","-0.00341248881626412"
"436","fAn","herbivore_aquatic1","0.522564433369377","0.000536729117434237","0.00633798127189759"
"437","fAn","herbivore_terrestrial1","0.915638562883251","1.47352600203886e-05","-0.000995497541562203"
"438","fAn","scavengertn1","0.937540417724393","8.06370898125932e-06","-0.00184753899146252"
"439","fAn","insessorial1","0.014057450477285","0.00788849837289879","-0.00574311116374698"
"440","fAn","terrestrial1","0.0570679337049524","0.00474328957364017","0.00445884741003413"
"441","fAn","generalist1","0.474598745423272","0.000671145269601562","0.00298742995291659"
"442","fAn","aerial1","0.116522145321617","0.00322977647077936","-0.006949867527239"
"443","fAn","aquatic1","0.0357778711268968","0.00577140764982333","0.0105501257114919"
"444","fAn","fTn","5.75801462954217e-07","0.0322861697196753","-0.146481151431551"
"445","fAn","fCn","1.08801856413265e-14","0.075427806987416","-0.566762415071403"
"446","fAn","fGn","0","0.227637516316278","-0.351311340829014"
"447","fAn","ghahSkew","0","0.869488848203666","-0.244287017622554"
"448","fAn","Stg_Sac","0","0.776792886017149","-0.447617468378962"
"449","fGn","med_c","0.524389537373873","0.000532033633418703","-0.0184714356477542"
"450","fGn","med_a","0.362296586454109","0.00108925082348475","-0.0537895738480643"
"451","fGn","Beak_length_Culmen","0.195983266922","0.00219333145040642","-5.53468256566953e-05"
"452","fGn","Beak_length_Nares","0.0923482939971887","0.00371331679831796","-9.42684398603944e-05"
"453","fGn","Beak_width","0.408491664444738","0.000896756159891447","-0.000199882133344001"
"454","fGn","Beak_depth","0.854764004238246","4.39975362655473e-05","-2.92039739549464e-05"
"455","fGn","Tarsus_length","0.755423589464716","0.000127411096377004","9.7667917911934e-06"
"456","fGn","Wing_length","0.620282970921179","0.000322298668067465","-5.99105884423927e-06"
"457","fGn","Kipps_distance","0.163748862478117","0.00254339133978424","-3.27872844849723e-05"
"458","fGn","Hand_wing_index",NA,NA,NA
"459","fGn","Tail_length","0.154753228416539","0.00265537914389305","2.65447860709148e-05"
"460","fGn","Mass","0.109091661382718","0.00336573462346834","5.26132904343066e-07"
"461","fGn","forest1","0.244006872686697","0.0017808081987368","-0.00375696703771389"
"462","fGn","grassland1","0.16876054115793","0.00248399904085486","0.00668703238390359"
"463","fGn","human1","0.325781193153562","0.00126721333950516","0.0079544458343952"
"464","fGn","wetland1","0.0145915244682835","0.00780278857270103","-0.0105669949475853"
"465","fGn","shrubland1","0.158819668358724","0.00260386342357205","0.00802875488473437"
"466","fGn","woodland1","0.836157641451597","5.61647877415183e-05","0.00116125540431369"
"467","fGn","marine1","0.606241776990446","0.000348834682180036","0.00350400699604944"
"468","fGn","riverline1","0.663711180002466","0.000248224885083855","0.00753034046270554"
"469","fGn","coastal1","0.829799624233693","6.0677311075286e-05","-0.00230650544347596"
"470","fGn","rock1","0.733364788148717","0.000152377718011487","0.00421911448876339"
"471","fGn","desert1","0.0721603681018297","0.00423680389393929","0.0459225200491673"
"472","fGn","carnivore1","0.592406679866904","0.00037629343735925","0.0017206181262307"
"473","fGn","herbivore1","0.57474536731216","0.000413318102438831","0.00199604890310334"
"474","fGn","omnivore1","0.194495750902444","0.00220797237159193","-0.0054629185039754"
"475","fGn","scavenger1","0.366150133243738","0.00107189830834787","-0.0289196994950771"
"476","fGn","australian1","0.0536124628400705","0.00487935448743144","0.00865438012191222"
"477","fGn","palearctic1","0.594591932747665","0.000371867719907615","-0.00177049373106464"
"478","fGn","indo_malay1","0.28670576896461","0.00148940305452502","-0.00500514237198479"
"479","fGn","madagascar1","0.984602887859954","4.89082620975998e-07","-0.000404855518998909"
"480","fGn","neotropic1","0.574276646561647","0.000414331747210844","0.00220879980048289"
"481","fGn","nearctic1","0.584423319628024","0.000392750081095385","0.00320724821856161"
"482","fGn","afrotropic1","0.60478170779608","0.000351670189917718","-0.0028862617110707"
"483","fGn","oceania1","0.634456000484225","0.000296825728523394","-0.00568870710904712"
"484","fGn","antarctic1","0.102732628406057","0.00349041400561097","-0.0202541702923074"
"485","fGn","invertivore1","0.00528713788247481","0.0101627203966087","0.00930886909518425"
"486","fGn","vertivore1","0.985833623179317","4.14012072217694e-07","-0.000148190369296197"
"487","fGn","aquatic_predator1","0.00116586683430975","0.013750495391786","-0.0131260399248284"
"488","fGn","omnivoretn1","0.0193225531723487","0.00716016852332546","-0.00845304244528594"
"489","fGn","granivore1","0.0278624378333274","0.00633122707933819","0.0122049207614889"
"490","fGn","frugivore1","0.146114296811396","0.00277009490577339","0.00869510543503388"
"491","fGn","nectarivore1","0.0929596642340988","0.00369945429428651","0.0187099099148749"
"492","fGn","herbivore_aquatic1","0.201148246557262","0.00214348688234406","-0.0163034795125524"
"493","fGn","herbivore_terrestrial1","0.979842835825212","8.38302901385021e-07","-0.000317280265773129"
"494","fGn","scavengertn1","0.366150133243738","0.00107189830834787","-0.0289196994950771"
"495","fGn","insessorial1","0.0107008482754027","0.00851811365872063","0.00810497197200888"
"496","fGn","terrestrial1","0.0759481646879618","0.00412743110561052","-0.00574569927624763"
"497","fGn","generalist1",NA,NA,NA
"498","fGn","aerial1","0.0322041852287147","0.00600630429190882","0.0126545037716398"
"499","fGn","aquatic1","0.0228073643404048","0.00678334248652288","-0.0143678460095081"
"500","fGn","fTn","0","0.510362136924297","-0.791029600481359"
"501","fGn","fCn","0.762615688329411","0.000119799524217696","-0.0307154291384464"
"502","fGn","fAn","0","0.227054447916303","-0.647041535103504"
"503","fGn","ghahSkew","0","0.561004378597203","0.266464244191241"
"504","fGn","Stg_Sac","0","0.239847954828605","0.337925410116242"
"505","ghahSkew","med_c","0.798296982703109","8.57569008730287e-05","-0.0209261197108432"
"506","ghahSkew","med_a","0.629929410949444","0.000304820820358512","-0.0801675014614602"
"507","ghahSkew","Beak_length_Culmen","0.860053895990202","4.08181333228442e-05","-2.24887167719736e-05"
"508","ghahSkew","Beak_length_Nares","0.563655671754352","0.000437742559379319","-9.5942533152522e-05"
"509","ghahSkew","Beak_width","0.862134108970789","3.96015210454633e-05","-0.000122198041993954"
"510","ghahSkew","Beak_depth","0.966821028306155","2.27209072570302e-06","-1.89365319202758e-05"
"511","ghahSkew","Tarsus_length","0.922309545623522","1.24898863786958e-05","8.6350903555233e-06"
"512","ghahSkew","Wing_length","0.964235967999874","2.64017833204096e-06","1.5949883223087e-06"
"513","ghahSkew","Kipps_distance","0.363737765944476","0.00108273145017205","-6.43149270498373e-05"
"514","ghahSkew","Hand_wing_index","0.156641416121711","0.00263127000860913","-0.000432818604368036"
"515","ghahSkew","Tail_length","0.0103565665382246","0.00859386131721882","0.000138014788749413"
"516","ghahSkew","Mass","0.102592733687085","0.00349325097811556","1.51116186858953e-06"
"517","ghahSkew","forest1","0.611164423133836","0.000339381299533774","-0.00459929352320149"
"518","ghahSkew","grassland1","0.832414850584192","5.87991382680079e-05","0.00289372882780495"
"519","ghahSkew","human1","0.670331054210673","0.000237942906703664","0.00969073772120005"
"520","ghahSkew","wetland1","0.0344485139735815","0.00585580316477073","-0.0263383541645009"
"521","ghahSkew","shrubland1","0.14167534826856","0.00283205130559115","0.0235877328264441"
"522","ghahSkew","woodland1","0.955538221389375","4.08199580029776e-06","0.000880423584669138"
"523","ghahSkew","marine1","0.275076772994965","0.00156312839210658","0.0210059804510761"
"524","ghahSkew","riverline1","0.784336553429402","9.83490038531756e-05","-0.0133267167236055"
"525","ghahSkew","coastal1","0.226868809673961","0.00191593628590956","0.0365110261479546"
"526","ghahSkew","rock1","0.912112252438244","1.59979835178242e-05","-0.00384205162000831"
"527","ghahSkew","desert1","0.600417457982442","0.000360232762773687","0.0376213806954878"
"528","ghahSkew","carnivore1","0.377192286486728","0.0010235501000841","0.00791066046608147"
"529","ghahSkew","herbivore1","0.0510001766353798","0.00498852123208317","-0.0184591435524672"
"530","ghahSkew","omnivore1","0.381602967562249","0.00100478879092555","0.0102436653118431"
"531","ghahSkew","scavenger1","0.772756494351992","0.000109499941580439","-0.0259845659320707"
"532","ghahSkew","australian1",NA,NA,NA
"533","ghahSkew","palearctic1","0.679567583646673","0.000224023448019265","-0.00387188568566066"
"534","ghahSkew","indo_malay1","0.500501159243434","0.000595848006205609","-0.00890653804276667"
"535","ghahSkew","madagascar1","0.612248809182762","0.000337320811061164","0.0298879206994637"
"536","ghahSkew","neotropic1","0.0867160333065324","0.00384590484624695","0.0190864966621309"
"537","ghahSkew","nearctic1","0.42491853255449","0.000835726378343026","-0.0131579673145946"
"538","ghahSkew","afrotropic1","0.11242907054089","0.00330344778900387","-0.0249019553001673"
"539","ghahSkew","oceania1","0.563420384968294","0.000438270875363453","0.0195082281475802"
"540","ghahSkew","antarctic1","0.780347899447414","0.000102116986801933","-0.00978363938664978"
"541","ghahSkew","invertivore1","0.00171257871036801","0.0128317468503841","0.0293992801813147"
"542","ghahSkew","vertivore1","0.231643014191988","0.00187708544213099","0.0281835026389061"
"543","ghahSkew","aquatic_predator1","0.114783383421587","0.00326071883538065","-0.0198260412529924"
"544","ghahSkew","omnivoretn1","5.09971870146231e-05","0.0213198795981906","-0.040409541662322"
"545","ghahSkew","granivore1","0.434360276484562","0.000802220645094066","0.0124522795355979"
"546","ghahSkew","frugivore1","0.0206875908565758","0.0070047896238649","0.0389511249794943"
"547","ghahSkew","nectarivore1","0.323864558993186","0.00127728669690309","0.0310889979228285"
"548","ghahSkew","herbivore_aquatic1","0.304817028557643","0.00138184189472253","-0.0372256115702216"
"549","ghahSkew","herbivore_terrestrial1","0.983374216634572","5.70265172030401e-07","0.00073971731252323"
"550","ghahSkew","scavengertn1","0.772756494351992","0.000109499941580439","-0.0259845659320707"
"551","ghahSkew","insessorial1","0.0175276684221908","0.00738265801211855","0.0212074303127797"
"552","ghahSkew","terrestrial1","0.0859450866563485","0.00386477574199911","-0.0153630187575682"
"553","ghahSkew","generalist1","0.265734649894871","0.00162524742719105","-0.0177049099636769"
"554","ghahSkew","aerial1","0.0362900246192939","0.00573976339831841","0.0350144422521753"
"555","ghahSkew","aquatic1","0.0215799750638777","0.00690883108578554","-0.0417896467523469"
"556","ghahSkew","fTn","7.22431022113224e-05","0.0204719218792792","-0.445289972170258"
"557","ghahSkew","fCn","1.92833641943224e-07","0.0349664104129618","1.47484075166868"
"558","ghahSkew","fAn","0","0.869488848203666","-3.5592920846376"
"559","ghahSkew","fGn","0","0.561298180871467","2.10571062460934"
"560","ghahSkew","Stg_Sac","0","0.731238954448686","1.65803078397879"
"561","Stg_Sac","med_c","0.719699993327902","0.000169099698013586","-0.0157281956550079"
"562","Stg_Sac","med_a","0.719701479059196","0.0001690978265867","-0.0314730057335453"
"563","Stg_Sac","Beak_length_Culmen","0.550598557746547","0.000467711837390727","4.09374586709818e-05"
"564","Stg_Sac","Beak_length_Nares","0.721419431459178","0.000166941697506454","3.17862226012645e-05"
"565","Stg_Sac","Beak_width","0.514962367628817","0.000556602210052217","0.000248615738555169"
"566","Stg_Sac","Beak_depth","0.464916901340654","0.000701042709948441","0.000179150861672344"
"567","Stg_Sac","Tarsus_length","0.918789930339062","1.36511906135048e-05","4.85009117968645e-06"
"568","Stg_Sac","Wing_length","0.651967134456428","0.000267106810904291","8.72962787263568e-06"
"569","Stg_Sac","Kipps_distance","0.837775885802813","5.50452795220744e-05","-8.1235971973086e-06"
"570","Stg_Sac","Hand_wing_index","0.585342970076888","0.00039083108129068","-9.26695302992143e-05"
"571","Stg_Sac","Tail_length","0.00991696015300914","0.00869441619590787","7.30864482831406e-05"
"572","Stg_Sac","Mass","0.283311006105505","0.0015105295445822","5.16906540245803e-07"
"573","Stg_Sac","forest1","0.55325971495602","0.00046149519582109","-0.00281669687216929"
"574","Stg_Sac","grassland1","0.592017411556722","0.000377085342356583","0.00380098813395136"
"575","Stg_Sac","human1","0.898955392351982","2.11740175463968e-05","-0.00149228862536954"
"576","Stg_Sac","wetland1","0.0747192252323288","0.00416226380454912","-0.0120653494523725"
"577","Stg_Sac","shrubland1",NA,NA,NA
"578","Stg_Sac","woodland1","0.357942266766299","0.0011091672651916","0.00749600063130074"
"579","Stg_Sac","marine1","0.358481658712023","0.00110668208052558","0.0093674417611832"
"580","Stg_Sac","riverline1","0.0909787988711317","0.0037447339029021","-0.0424682965625108"
"581","Stg_Sac","coastal1","0.0229389228548083","0.00677030825172631","0.0355138430630382"
"582","Stg_Sac","rock1","0.950257923637731","5.11045784042805e-06","0.00111859784670229"
"583","Stg_Sac","desert1","0.992293989687724","1.22496174646453e-07","0.000356841315479958"
"584","Stg_Sac","carnivore1","0.121358678936188","0.00314631642059635","0.00696186794928577"
"585","Stg_Sac","herbivore1","0.0174918301247144","0.00738733601023624","-0.0115864574232293"
"586","Stg_Sac","omnivore1","0.402698864823664","0.000919147003863005","0.0051567688301648"
"587","Stg_Sac","scavenger1","0.509190700734329","0.000572035614186913","-0.0306534454591502"
"588","Stg_Sac","australian1","0.694204202102899","0.000202962555362857","0.00264067066092075"
"589","Stg_Sac","palearctic1","0.845999405079785","4.95371746801519e-05","0.000952405096449699"
"590","Stg_Sac","indo_malay1","0.281683422836575","0.00152077230176143","-0.0073898820585574"
"591","Stg_Sac","madagascar1","0.517711082707992","0.000549357504237713","0.0196744951092699"
"592","Stg_Sac","neotropic1","0.161542196832137","0.00257020325094338","0.00819988395192983"
"593","Stg_Sac","nearctic1","0.172276591275843","0.00244352303748833","-0.0116158947010498"
"594","Stg_Sac","afrotropic1","0.184445476618465","0.00231043988976401","-0.0107944098380509"
"595","Stg_Sac","oceania1","0.12979357745806","0.00300921346389907","0.0269398443657966"
"596","Stg_Sac","antarctic1","0.529082161232417","0.000520093186393061","0.0115432346566672"
"597","Stg_Sac","invertivore1","0.0542976097270658","0.00485165179603028","0.0103873327566706"
"598","Stg_Sac","vertivore1","0.0653195427076083","0.00445084877741012","0.0226414263130723"
"599","Stg_Sac","aquatic_predator1","0.922849385071416","1.23163744013388e-05","0.000660862064966405"
"600","Stg_Sac","omnivoretn1","1.28432581014692e-07","0.0359620211394636","-0.026947540413063"
"601","Stg_Sac","granivore1","0.401500012252102","0.000923839588697879","0.00711638899987743"
"602","Stg_Sac","frugivore1","0.00081867875703967","0.014598097222581","0.029283587663195"
"603","Stg_Sac","nectarivore1","0.540288159176208","0.000492335575427662","0.0103313446658209"
"604","Stg_Sac","herbivore_aquatic1","0.660407833409581","0.000253452471131478","-0.00886110576334431"
"605","Stg_Sac","herbivore_terrestrial1","0.204913915220355","0.00210808376974646","-0.0224212986590022"
"606","Stg_Sac","scavengertn1","0.509190700734329","0.000572035614186913","-0.0306534454591502"
"607","Stg_Sac","insessorial1","0.410853113593713","0.000887761316389696","0.00410950868261795"
"608","Stg_Sac","terrestrial1","0.124883649402512","0.00308777330639436","-0.0070830160269999"
"609","Stg_Sac","generalist1","0.921315216159551","1.28126849169115e-05","0.000815468353946941"
"610","Stg_Sac","aerial1","0.0545073336768662","0.00484324581934828","0.0171538158632255"
"611","Stg_Sac","aquatic1","0.104200892828791","0.00346089069737442","-0.0163506817531484"
"612","Stg_Sac","fTn","2.62456723021387e-13","0.0678097194995323","0.41794072942055"
"613","Stg_Sac","fCn","2.60105403881994e-09","0.0455005276459078","-0.866475101642308"
"614","Stg_Sac","fAn","0","0.776825568130581","-1.73538648865059"
"615","Stg_Sac","fGn","0","0.240456227316286","0.710267182900783"
"616","Stg_Sac","ghahSkew","0","0.731214394866409","0.440893731963274"
