"","Ecology1","Ecology2","p_value","mult_r_squared","effect_size","p_adj_bon","p_adj_holm","p_adj_hochberg","p_adj_hommel","p_adj_bh","p_adj_fdr","p_adj_by","p_adj_none"
"1","med_c","med_a",0.00738537819475593,0.009380231628263,-0.127135373136644,1,1,0.999956867492758,0.999956867492758,0.0561517108869862,0.0561517108869862,0.484266124129858,0.00738537819475593
"57","med_a","med_c",0.0029358376457389,0.0115505201888895,-0.0736088668290638,1,1,0.999956867492758,0.999956867492758,0.0257628000148548,0.0257628000148548,0.222184704844281,0.0029358376457389
"63","med_a","Wing_length",0.0020363674203856,0.0124192218550044,-3.60226786213001e-05,1,1,0.999956867492758,0.999956867492758,0.018933368515728,0.018933368515728,0.163286012892599,0.0020363674203856
"115","Beak_length_Culmen","Beak_length_Nares",0,0.897390745550553,1.27874927048081,0,0,0,0,0,0,0,0
"116","Beak_length_Culmen","Beak_width",0,0.369544789696512,3.22875479554818,0,0,0,0,0,0,0,0
"117","Beak_length_Culmen","Beak_depth",0,0.324548272062849,1.97588685651372,0,0,0,0,0,0,0,0
"118","Beak_length_Culmen","Tarsus_length",0,0.303243615428783,0.428016747969968,0,0,0,0,0,0,0,0
"119","Beak_length_Culmen","Wing_length",0,0.361393864900027,0.17892576727457,0,0,0,0,0,0,0,0
"120","Beak_length_Culmen","Kipps_distance",0,0.223573198564048,0.290199095135006,0,0,0,0,0,0,0,0
"122","Beak_length_Culmen","Tail_length",0,0.125741055428305,0.116254668004921,0,0,0,0,0,0,0,0
"123","Beak_length_Culmen","Mass",3.29929260622919e-06,0.0280100675301914,0.000967509334225745,0.01030699010186,0.00964383228800792,0.00964383228800792,0.00952505775418367,5.10247034745544e-05,5.10247034745544e-05,0.000440049554967781,3.29929260622919e-06
"125","Beak_length_Culmen","grassland1",0.00297726255810016,0.011517328510864,-5.11770582711039,1,1,0.999956867492758,0.999956867492758,0.0259079895027992,0.0259079895027992,0.223436854591467,0.00297726255810016
"127","Beak_length_Culmen","wetland1",7.30420482319971e-06,0.0260650975643415,8.12831800156078,0.0228183358676759,0.021284452854804,0.021284452854804,0.020992284661876,0.00010814377188472,0.00010814377188472,0.000932658407591535,7.30420482319971e-06
"136","Beak_length_Culmen","herbivore1",0.000583529124326354,0.0154122190317522,-6.77660646928199,1,1,0.999956867492758,0.999956867492758,0.00619972500763098,0.00619972500763098,0.0534679487533163,0.000583529124326354
"150","Beak_length_Culmen","aquatic_predator1",0.00173487465835587,0.0128009055223976,9.29378118176949,1,1,0.999956867492758,0.999956867492758,0.0161783535304589,0.0161783535304589,0.139526088078889,0.00173487465835587
"171","Beak_length_Nares","Beak_length_Culmen",0,0.894063802158109,0.695940366633015,0,0,0,0,0,0,0,0
"172","Beak_length_Nares","Beak_width",0,0.415438585658912,2.4401059839006,0,0,0,0,0,0,0,0
"173","Beak_length_Nares","Beak_depth",0,0.333492990026463,1.41689536545191,0,0,0,0,0,0,0,0
"174","Beak_length_Nares","Tarsus_length",0,0.259091447881273,0.287956328925685,0,0,0,0,0,0,0,0
"175","Beak_length_Nares","Wing_length",0,0.336266247446397,0.126284543264473,0,0,0,0,0,0,0,0
"176","Beak_length_Nares","Kipps_distance",0,0.198432143134198,0.198656884237133,0,0,0,0,0,0,0,0
"178","Beak_length_Nares","Tail_length",0,0.116015962077887,0.0793545274300762,0,0,0,0,0,0,0,0
"183","Beak_length_Nares","wetland1",7.12652521124291e-05,0.0205050849402085,4.52500604865909,0.222632647599228,0.204460008310559,0.204460008310559,0.199400175410577,0.000869658779684486,0.000869658779684486,0.00750015057245413,7.12652521124291e-05
"211","Beak_length_Nares","herbivore_aquatic1",0.0029340643517437,0.0115519516121179,7.80610102264001,1,1,0.999956867492758,0.999956867492758,0.0257628000148548,0.0257628000148548,0.222184704844281,0.0029340643517437
"227","Beak_width","Beak_length_Culmen",0,0.368352100770102,0.114142168251074,0,0,0,0,0,0,0,0
"228","Beak_width","Beak_length_Nares",0,0.410597517053221,0.166354175647492,0,0,0,0,0,0,0,0
"231","Beak_width","Wing_length",0,0.470035805669625,0.0382897905266732,0,0,0,0,0,0,0,0
"232","Beak_width","Kipps_distance",0,0.219669246785907,0.0542237547384728,0,0,0,0,0,0,0,0
"234","Beak_width","Tail_length",0,0.237932619822347,0.0301871939044226,0,0,0,0,0,0,0,0
"235","Beak_width","Mass",0,0.12324321520451,0.00038179971208154,0,0,0,0,0,0,0,0
"260","Beak_width","invertivore1",0.00985247355815799,0.00870954910345693,-0.988253375931007,1,1,0.999956867492758,0.999956867492758,0.0702719803554465,0.0702719803554465,0.606042790577705,0.00985247355815799
"263","Beak_width","omnivoretn1",0.00619119630495679,0.00979256327752301,0.723343010021819,1,1,0.999956867492758,0.999956867492758,0.0487186328883754,0.0487186328883754,0.420161436741313,0.00619119630495679
"283","Beak_depth","Beak_length_Culmen",0,0.326169637460199,0.163878338242453,0,0,0,0,0,0,0,0
"284","Beak_depth","Beak_length_Nares",0,0.334169570821347,0.227172985190948,0,0,0,0,0,0,0,0
"285","Beak_depth","Beak_width",0,0.584552459980556,1.15641083057309,0,0,0,0,0,0,0,0
"286","Beak_depth","Tarsus_length",0,0.181139446611015,0.0942263015918652,0,0,0,0,0,0,0,0
"287","Beak_depth","Wing_length",0,0.380646820706938,0.0523413987443935,0,0,0,0,0,0,0,0
"288","Beak_depth","Kipps_distance",0,0.19487251064046,0.077423270495398,0,0,0,0,0,0,0,0
"290","Beak_depth","Tail_length",0,0.211071799329473,0.0435259255502674,0,0,0,0,0,0,0,0
"291","Beak_depth","Mass",1.23999078427417e-06,0.0304067783457984,0.000286588014398785,0.00387373121007251,0.00363689297027614,0.00363689297027614,0.00360961317302211,2.01756833857943e-05,2.01756833857943e-05,0.000174000040970687,1.23999078427417e-06
"316","Beak_depth","invertivore1",0.00465543801363211,0.0104618249249284,-1.7179353253836,1,1,0.999956867492758,0.999956867492758,0.0378739280067362,0.0378739280067362,0.326634042519374,0.00465543801363211
"339","Tarsus_length","Beak_length_Culmen",0,0.298403693696816,0.690189278451015,0,0,0,0,0,0,0,0
"341","Tarsus_length","Beak_width",0,0.284635792421312,3.62704648766494,0,0,0,0,0,0,0,0
"342","Tarsus_length","Beak_depth",0,0.173289177023176,1.79132886590084,0,0,0,0,0,0,0,0
"343","Tarsus_length","Wing_length",0,0.411882872158015,0.244556748988623,0,0,0,0,0,0,0,0
"346","Tarsus_length","Tail_length",0,0.13551733203841,0.148378555282566,0,0,0,0,0,0,0,0
"347","Tarsus_length","Mass",0,0.249291203170501,0.00375538392279551,0,0,0,0,0,0,0,0
"360","Tarsus_length","herbivore1",3.80624662765783e-06,0.0276601432958834,-8.73552063312369,0.0118907144648031,0.0111142401527609,0.0111142401527609,0.0109772152741652,5.80034851941613e-05,5.80034851941613e-05,0.000500236279844326,3.80624662765783e-06
"369","Tarsus_length","afrotropic1",1.21142518976214e-05,0.0248279634002048,12.3829899851923,0.0378449229281693,0.0351797875106925,0.0351797875106925,0.0347194459385829,0.000171243995150087,0.000171243995150087,0.0014768502063766,1.21142518976214e-05
"379","Tarsus_length","herbivore_aquatic1",0.000442357922991299,0.0160796797225911,-10.3038738474285,1,1,0.999956867492758,0.999956867492758,0.00476526259112006,0.00476526259112006,0.0410967931165485,0.000442357922991299
"383","Tarsus_length","terrestrial1",0.00232064781992647,0.0121084573857487,7.9787871711544,1,1,0.999956867492758,0.999956867492758,0.0211361626514586,0.0211361626514586,0.182283449685098,0.00232064781992647
"394","Wing_length","med_a",0.00356104020934156,0.0110937427604283,-320.862002281227,1,1,0.999956867492758,0.999956867492758,0.0300667286864406,0.0300667286864406,0.259302841111136,0.00356104020934156
"395","Wing_length","Beak_length_Culmen",0,0.352821687480306,1.97480192819475,0,0,0,0,0,0,0,0
"396","Wing_length","Beak_length_Nares",0,0.335175157549993,2.65799176703135,0,0,0,0,0,0,0,0
"397","Wing_length","Beak_width",0,0.460016261582043,12.066698170282,0,0,0,0,0,0,0,0
"398","Wing_length","Beak_depth",0,0.369689317373109,6.95653492652104,0,0,0,0,0,0,0,0
"399","Wing_length","Tarsus_length",0,0.409798739824794,1.66552891390187,0,0,0,0,0,0,0,0
"400","Wing_length","Kipps_distance",0,0.624355299715406,1.63097596723918,0,0,0,0,0,0,0,0
"401","Wing_length","Hand_wing_index",0.000216672915391403,0.0178049903803576,1.11755756735738,0.676886187682743,0.61773448178089,0.61773448178089,0.58523354447218,0.00247038754628738,0.00247038754628738,0.0213052279840065,0.000216672915391403
"402","Wing_length","Tail_length",0,0.307902811015414,0.599283700844144,0,0,0,0,0,0,0,0
"403","Wing_length","Mass",0,0.0944261562212627,0.00598898460825536,0,0,0,0,0,0,0,0
"418","Wing_length","scavenger1",0.00125805109945221,0.0135683986447841,248.891666489493,1,1,0.999956867492758,0.999956867492758,0.0122739541191726,0.0122739541191726,0.105853590124837,0.00125805109945221
"430","Wing_length","aquatic_predator1",0.00219272271064508,0.0122432408633916,24.2193152202563,1,1,0.999956867492758,0.999956867492758,0.0201944499999655,0.0201944499999655,0.174161888853222,0.00219272271064508
"437","Wing_length","scavengertn1",0.00125805109945221,0.0135683986447841,248.891666489493,1,1,0.999956867492758,0.999956867492758,0.0122739541191726,0.0122739541191726,0.105853590124837,0.00125805109945221
"442","Wing_length","aquatic1",6.18689295350805e-07,0.0321101495117572,-48.2071841091766,0.00193278535867591,0.00181956521762672,0.00181956521762672,0.00180781012101505,1.05042682536734e-05,1.05042682536734e-05,9.05913852609911e-05,6.18689295350805e-07
"451","Kipps_distance","Beak_length_Culmen",0,0.219659791127838,0.76248610606582,0,0,0,0,0,0,0,0
"452","Kipps_distance","Beak_length_Nares",0,0.204834679093058,1.01085059901132,0,0,0,0,0,0,0,0
"453","Kipps_distance","Beak_width",0,0.217102370639561,4.02582131245772,0,0,0,0,0,0,0,0
"454","Kipps_distance","Beak_depth",0,0.187054729735164,2.44008652697069,0,0,0,0,0,0,0,0
"455","Kipps_distance","Tarsus_length",0,0.140982058231057,0.475667652271108,0,0,0,0,0,0,0,0
"456","Kipps_distance","Wing_length",0,0.630146905571312,0.383483022892224,0,0,0,0,0,0,0,0
"457","Kipps_distance","Hand_wing_index",0,0.342123331547558,2.44971129674425,0,0,0,0,0,0,0,0
"458","Kipps_distance","Tail_length",0,0.113674656726545,0.178743682849427,0,0,0,0,0,0,0,0
"460","Kipps_distance","forest1",0.00378799194452162,0.0109478278112933,-6.77544291681479,1,1,0.999956867492758,0.999956867492758,0.0313060498272104,0.0313060498272104,0.269991050533654,0.00378799194452162
"468","Kipps_distance","coastal1",0.000316320242328638,0.0168894680331196,16.0260541838268,0.988184437034665,0.899298448940318,0.899298448940318,0.830656956355003,0.00349313724761888,0.00349313724761888,0.0301256722054765,0.000316320242328638
"472","Kipps_distance","herbivore1",0.00946899829531578,0.00880168394132535,-8.09673255868111,1,1,0.999956867492758,0.999956867492758,0.0680026452288885,0.0680026452288885,0.586471487963225,0.00946899829531578
"476","Kipps_distance","palearctic1",2.36965493094488e-06,0.0288204677300026,10.700555743055,0.0074028020042718,0.00693361032794472,0.00693361032794472,0.00686252068001637,3.72000100717176e-05,3.72000100717176e-05,0.000320822008990602,2.36965493094488e-06
"477","Kipps_distance","indo_malay1",0.00215463189500276,0.0122849147896845,-9.4377186300332,1,1,0.999956867492758,0.999956867492758,0.0199144084023332,0.0199144084023332,0.171746741443849,0.00215463189500276
"486","Kipps_distance","aquatic_predator1",0.000720289173245625,0.0149057019538773,15.4526246745183,1,1,0.999956867492758,0.999956867492758,0.00745093833516335,0.00745093833516335,0.0642587193106593,0.000720289173245625
"491","Kipps_distance","herbivore_aquatic1",0.00374322002579319,0.0109758980181704,-22.0492899188053,1,1,0.999956867492758,0.999956867492758,0.0310180884895966,0.0310180884895966,0.267507601344614,0.00374322002579319
"494","Kipps_distance","insessorial1",0.000585441381962593,0.015404342586409,-10.5067236501311,1,1,0.999956867492758,0.999956867492758,0.00619972500763098,0.00619972500763098,0.0534679487533163,0.000585441381962593
"497","Kipps_distance","aerial1",0.000285521235940944,0.0171371474410481,18.924837527228,0.891968341079509,0.812593437487927,0.812593437487927,0.758058881423206,0.00319701914365415,0.00319701914365415,0.027571877063236,0.000285521235940944
"498","Kipps_distance","aquatic1",0.000127831952808632,0.0190846975038321,-25.9660659465419,0.399347020574166,0.36534372112707,0.36534372112707,0.352560525846207,0.00149568172499688,0.00149568172499688,0.01289912596526,0.000127831952808632
"512","Hand_wing_index","Wing_length",2.64800279490274e-05,0.0229179401354005,0.0172236393295737,0.0827236073127616,0.0766067208565363,0.0766067208565363,0.075388639570881,0.000356567272899834,0.000356567272899834,0.00307512359839378,2.64800279490274e-05
"513","Hand_wing_index","Kipps_distance",0,0.337870998463732,0.137047083295734,0,0,0,0,0,0,0,0
"516","Hand_wing_index","forest1",6.4596036711162e-05,0.0207442311574304,-2.31017637966197,0.20179801868567,0.185519817434457,0.185519817434457,0.181062690901387,0.000797620627216087,0.000797620627216087,0.00687887588047618,6.4596036711162e-05
"531","Hand_wing_index","australian1",0.00752282495657974,0.00933720367914132,-2.8989336260487,1,1,0.999956867492758,0.999956867492758,0.0567664375950606,0.0567664375950606,0.489567678002677,0.00752282495657974
"532","Hand_wing_index","palearctic1",1.35447209004269e-12,0.0638561390011192,4.03424870397826,4.23137080929336e-09,4.05935285385794e-09,4.05935285385794e-09,4.05122602131769e-09,3.30575844476044e-11,3.30575844476044e-11,2.85096714608692e-10,1.35447209004269e-12
"535","Hand_wing_index","neotropic1",1.90963184960591e-05,0.0237159992933511,-3.51753875778971,0.0596568989816886,0.0553602273200753,0.0553602273200753,0.0545199893062487,0.000263968579564994,0.000263968579564994,0.00227652976015785,1.90963184960591e-05
"536","Hand_wing_index","nearctic1",0.00661746267762608,0.00963674084377779,2.23600426155569,1,1,0.999956867492758,0.999956867492758,0.0516823835122597,0.0516823835122597,0.445721548888289,0.00661746267762608
"537","Hand_wing_index","afrotropic1",0.000104659146606512,0.0195705334928173,-3.59999191143421,0.326955173998743,0.299534477587837,0.299534477587837,0.290533790979677,0.00124317556653515,0.00124317556653515,0.0107214509354949,0.000104659146606512
"542","Hand_wing_index","aquatic_predator1",0.000864372464297158,0.0144677132506487,3.90203814431929,1,1,0.999956867492758,0.999956867492758,0.00879576409923232,0.00879576409923232,0.0758568264761987,0.000864372464297158
"550","Hand_wing_index","insessorial1",0.00329146776575917,0.011279843218731,-2.21275335341368,1,1,0.999956867492758,0.999956867492758,0.0282487508248122,0.0282487508248122,0.243624154230578,0.00329146776575917
"553","Hand_wing_index","aerial1",2.30156782521362e-10,0.0514115439717335,8.41387903965021,7.19009788596735e-07,6.85176741566095e-07,6.85176741566095e-07,6.84486271218531e-07,4.85817424727524e-09,4.85817424727524e-09,4.18980860228913e-08,2.30156782521362e-10
"563","Tail_length","Beak_length_Culmen",0,0.13305879325026,1.09867066177884,0,0,0,0,0,0,0,0
"564","Tail_length","Beak_length_Nares",0,0.127723869544178,1.46533183786034,0,0,0,0,0,0,0,0
"565","Tail_length","Beak_width",0,0.253040793313452,7.98576054077054,0,0,0,0,0,0,0,0
"566","Tail_length","Beak_depth",0,0.21581437486296,4.8913034297052,0,0,0,0,0,0,0,0
"567","Tail_length","Tarsus_length",0,0.155062754217111,0.907100435555271,0,0,0,0,0,0,0,0
"568","Tail_length","Wing_length",0,0.337116307412115,0.508911502865575,0,0,0,0,0,0,0,0
"569","Tail_length","Kipps_distance",0,0.1229721338236,0.645136743726561,0,0,0,0,0,0,0,0
"571","Tail_length","Mass",6.03842398305687e-09,0.0434432712516221,0.00357678320085277,1.88640365230697e-05,1.79039271097636e-05,1.79039271097636e-05,1.78858118378144e-05,1.17900228269185e-07,1.17900228269185e-07,1.01680047991514e-06,6.03842398305687e-09
"604","Tail_length","herbivore_terrestrial1",0.00902990499632583,0.00891198473459231,36.2104940351502,1,1,0.999956867492758,0.999956867492758,0.0652995907604673,0.0652995907604673,0.563159683388494,0.00902990499632583
"619","Mass","Beak_length_Culmen",4.31521786747879e-07,0.0329929117556533,25.7825880515893,0.00134807406180037,0.0012708316619725,0.0012708316619725,0.00126306426981104,7.48930034333541e-06,7.48930034333541e-06,6.45895626762107e-05,4.31521786747879e-07
"620","Mass","Beak_length_Nares",0.00010141079404935,0.0196471566067849,28.1564210908408,0.316807320610169,0.290440514157338,0.290440514157338,0.281820596663144,0.0012138211517631,0.0012138211517631,0.0104682912642541,0.00010141079404935
"621","Mass","Beak_width",0,0.105869646402608,272.533003059928,0,0,0,0,0,0,0,0
"622","Mass","Beak_depth",2.99663066134492e-05,0.0226161456150915,70.9754849557026,0.0936147418604153,0.0866625587260951,0.0866625587260951,0.0851642433954226,0.000401780007984615,0.000401780007984615,0.00346504931276576,2.99663066134492e-05
"623","Mass","Tarsus_length",0,0.24028866534073,61.2118608858774,0,0,0,0,0,0,0,0
"624","Mass","Wing_length",0,0.0890261979528315,13.0154447374562,0,0,0,0,0,0,0,0
"627","Mass","Tail_length",8.49824606508065e-06,0.0256947644707264,6.82878017260089,0.026548520707312,0.0247383942954498,0.0247383942954498,0.0244069626989116,0.000124058507978093,0.000124058507978093,0.00106991099424912,8.49824606508065e-06
"651","Mass","antarctic1",8.27879542697474e-10,0.048293530286366,6776.13222126732,2.58629569138691e-06,2.46211375998229e-06,2.46128588043959e-06,2.4571464827261e-06,1.70151032328086e-08,1.70151032328086e-08,1.46742422698492e-07,8.27879542697474e-10
"681","forest1","Kipps_distance",9.54383032691908e-06,0.0254110084076638,-0.00186504615636988,0.0298149259412952,0.0277630024210076,0.0277630024210076,0.0273907930382578,0.000138032064543033,0.000138032064543033,0.00119042237264028,9.54383032691908e-06
"682","forest1","Hand_wing_index",2.72390172639803e-08,0.0397589937072306,-0.0102182672356886,8.50946899326745e-05,8.06274911013817e-05,8.06274911013817e-05,8.05457740495897e-05,5.1572539353136e-07,5.1572539353136e-07,4.44774225924183e-06,2.72390172639803e-08
"685","forest1","grassland1",2.26336727138232e-11,0.0570454428549289,-0.317343997145747,7.07075935579837e-08,6.7470978359907e-08,6.7470978359907e-08,6.74483446871931e-08,4.91024955263775e-10,4.91024955263775e-10,4.2347196226168e-09,2.26336727138232e-11
"686","forest1","human1",2.12957658218826e-06,0.0290820723584581,-0.354733655983554,0.00665279724275612,0.0062396593858116,0.0062396593858116,0.00617151293518158,3.41169089372109e-05,3.41169089372109e-05,0.000294232588773061,2.12957658218826e-06
"687","forest1","wetland1",1.12312352331667e-05,0.0250129677648482,-0.228447360221999,0.0350863788684128,0.0326379695875824,0.0326379695875824,0.0322111826487221,0.000160211775654853,0.000160211775654853,0.00138170564014496,1.12312352331667e-05
"688","forest1","shrubland1",0,0.148820325540544,-0.559647230043454,0,0,0,0,0,0,0,0
"689","forest1","woodland1",0,0.172715383278021,-0.586730778192857,0,0,0,0,0,0,0,0
"693","forest1","rock1",7.62791635180449e-05,0.0203396477993478,-0.462344212964208,0.238296106830372,0.218616082642717,0.218616082642717,0.213123982869417,0.000920062188534256,0.000920062188534256,0.00793484193022481,7.62791635180449e-05
"701","forest1","indo_malay1",0.00878822457387796,0.00897505758548586,0.129358083208268,1,1,0.999956867492758,0.999956867492758,0.0639963020251626,0.0639963020251626,0.551919801744667,0.00878822457387796
"706","forest1","oceania1",0.00770688276850273,0.00928082313786969,0.381572223448648,1,1,0.999956867492758,0.999956867492758,0.0575988080593362,0.0575988080593362,0.496746244999259,0.00770688276850273
"710","forest1","aquatic_predator1",0.000375168349373345,0.0164772700461753,-0.259284807427903,1,1,0.999956867492758,0.96230681614263,0.00406953445639698,0.00406953445639698,0.0350966630772601,0.000375168349373345
"712","forest1","granivore1",2.34516881181257e-06,0.0288459045319111,-0.314290405534158,0.00732630736810247,0.00686430911217539,0.00686430911217539,0.0067916088790092,3.70015523641539e-05,3.70015523641539e-05,0.000319110461055064,2.34516881181257e-06
"713","forest1","frugivore1",5.51552536691702e-05,0.0211289541689989,0.258278675157372,0.172305012462488,0.158516199045195,0.158516199045195,0.155206883825045,0.000686474153237003,0.000686474153237003,0.00592032143370463,5.51552536691702e-05
"719","forest1","terrestrial1",3.32535827096692e-07,0.0336313511174466,-0.233235274051937,0.00103884192385007,0.000979983082453951,0.000979983082453951,0.000974329973393307,5.83619058342734e-06,5.83619058342734e-06,5.03327387336038e-05,3.32535827096692e-07
"737","grassland1","Kipps_distance",0.00938532856504803,0.00882229324545977,0.000688821545886789,1,1,0.999956867492758,0.999956867492758,0.0675570655235254,0.0675570655235254,0.58262869931977,0.00938532856504803
"738","grassland1","Hand_wing_index",0.000196345113801843,0.018043664911394,0.00436640189656366,0.613382135516958,0.56036895479046,0.56036895479046,0.533469674199607,0.00226340271408471,0.00226340271408471,0.0195201400345726,0.000196345113801843
"741","grassland1","forest1",2.35367281220533e-14,0.0735990176789134,-0.195121992116215,7.35287386532945e-11,7.0633721094282e-11,7.0633721094282e-11,7.0633721094282e-11,5.92973698816891e-13,5.92973698816891e-13,5.11395058674078e-12,2.35367281220533e-14
"743","grassland1","wetland1",0,0.0862336667875575,-0.318290101266693,0,0,0,0,0,0,0,0
"744","grassland1","shrubland1",0.000102209529599495,0.0196280897293644,-0.157636480786601,0.319302570468822,0.292625883243354,0.292625883243354,0.284040282756997,0.00121871210102604,0.00121871210102604,0.0105104720100491,0.000102209529599495
"745","grassland1","woodland1",0.00125768271077442,0.0135690991937502,-0.128186082408273,1,1,0.999956867492758,0.999956867492758,0.0122739541191726,0.0122739541191726,0.105853590124837,0.00125768271077442
"757","grassland1","indo_malay1",0.00400697311303788,0.0108152146758171,-0.103793805365415,1,1,0.999956867492758,0.999956867492758,0.032855076128951,0.032855076128951,0.283350233209831,0.00400697311303788
"766","grassland1","aquatic_predator1",0.00028923785122581,0.0171058697600905,-0.177506717383678,0.90357904722943,0.82288168673743,0.82288168673743,0.766880102323686,0.00322706802581939,0.00322706802581939,0.027831025991572,0.00028923785122581
"768","grassland1","granivore1",0.00335236613125689,0.0112364839561184,0.13953413426341,1,1,0.999956867492758,0.999956867492758,0.0286925802576617,0.0286925802576617,0.247451848094677,0.00335236613125689
"772","grassland1","herbivore_terrestrial1",0.0069402978375952,0.00952538742528485,0.260854024418127,1,1,0.999956867492758,0.999956867492758,0.0538002244284055,0.0538002244284055,0.463986328282985,0.0069402978375952
"774","grassland1","insessorial1",0.00129692878155385,0.0134956074459306,-0.0976449927420098,1,1,0.999956867492758,0.999956867492758,0.0125049552888093,0.0125049552888093,0.107845800857554,0.00129692878155385
"775","grassland1","terrestrial1",5.19602030690791e-06,0.0268983334651179,0.141129043565921,0.0162323674387803,0.0151619872555573,0.0151573448862488,0.0149593424635879,7.80430787437059e-05,7.80430787437059e-05,0.000673062648695445,5.19602030690791e-06
"797","human1","forest1",2.69035497879599e-07,0.034150536436998,-0.0801351226799332,0.000840466895375867,0.000793385683246937,0.000793385683246937,0.000788812079782984,4.77538008736288e-06,4.77538008736288e-06,4.11840488851443e-05,2.69035497879599e-07
"799","human1","wetland1",0.00499347670303996,0.0102969718813879,-0.0644333953964488,1,1,0.999956867492758,0.999956867492758,0.0404135264774529,0.0404135264774529,0.348536162487461,0.00499347670303996
"810","human1","scavenger1",8.36131164305698e-12,0.0594577500023746,0.964191203480414,2.612073757291e-08,2.49835991894543e-08,2.49752378778112e-08,2.49334313195959e-08,1.89280707050073e-10,1.89280707050073e-10,1.63240323273821e-09,8.36131164305698e-12
"811","human1","australian1",0.00750446623510448,0.00934290430292485,-0.0611686650989195,1,1,0.999956867492758,0.999956867492758,0.0567650182045191,0.0567650182045191,0.489555436830586,0.00750446623510448
"816","human1","nearctic1",0.00676590708800218,0.00958486688547801,0.0707301814154486,1,1,0.999956867492758,0.999956867492758,0.0525788401565145,0.0525788401565145,0.45345281081613,0.00676590708800218
"822","human1","aquatic_predator1",0.00740200769860788,0.00937498250726752,-0.0705561058201169,1,1,0.999956867492758,0.999956867492758,0.0561517108869862,0.0561517108869862,0.484266124129858,0.00740200769860788
"823","human1","omnivoretn1",0.000619116191683755,0.0152697306080852,0.0541902397835352,1,1,0.999956867492758,0.999956867492758,0.00651218512734024,0.00651218512734024,0.0561626814467029,0.000619116191683755
"829","human1","scavengertn1",8.36131164305698e-12,0.0594577500023746,0.964191203480414,2.612073757291e-08,2.49835991894543e-08,2.49752378778112e-08,2.49334313195959e-08,1.89280707050073e-10,1.89280707050073e-10,1.63240323273821e-09,8.36131164305698e-12
"830","human1","insessorial1",0.00386629529258942,0.0108995345682523,-0.0410180544795127,1,1,0.999956867492758,0.999956867492758,0.0318080499482631,0.0318080499482631,0.274320422677348,0.00386629529258942
"831","human1","terrestrial1",0.000337397518819227,0.0167335775025761,0.0508859889422827,1,0.958546350965424,0.958546350965424,0.878920536524086,0.0037113727070115,0.0037113727070115,0.0320077883226589,0.000337397518819227
"843","wetland1","Beak_length_Culmen",1.17808571387101e-06,0.0305322388329317,0.00222019365448109,0.00368033977013304,0.00345768157021141,0.00345768157021141,0.00343176368450625,1.93702093164897e-05,1.93702093164897e-05,0.00016705343507983,1.17808571387101e-06
"844","wetland1","Beak_length_Nares",3.72119479452593e-06,0.0277154649264252,0.00275766933168824,0.011625012538099,0.0108696099948102,0.0108696099948102,0.0107356469822073,5.69853555789167e-05,5.69853555789167e-05,0.0004914556803782,3.72119479452593e-06
"847","wetland1","Tarsus_length",0.000316439769870724,0.0168885548541731,0.00118792587512815,0.988557841076142,0.899321825972598,0.899321825972598,0.830970835680521,0.00349313724761888,0.00349313724761888,0.0301256722054765,0.000316439769870724
"853","wetland1","forest1",1.32933661367574e-06,0.0302363366740621,-0.11836431768487,0.00415284758112301,0.00389761495129727,0.00389761495129727,0.00386704020918273,2.1517344979912e-05,2.1517344979912e-05,0.000185570859558654,1.32933661367574e-06
"854","wetland1","grassland1",0,0.0939211291866261,-0.281301238474297,0,0,0,0,0,0,0,0
"855","wetland1","human1",0.00120246357340981,0.0136765209924056,-0.170769088673033,1,1,0.999956867492758,0.999956867492758,0.0118501457518367,0.0118501457518367,0.102198562839265,0.00120246357340981
"858","wetland1","marine1",4.94193143341093e-06,0.0270210306956108,-0.335588963808566,0.0154385937979757,0.0144254978541265,0.0144254978541265,0.0142327625282235,7.49446300872609e-05,7.49446300872609e-05,0.000646340867685212,4.94193143341093e-06
"860","wetland1","coastal1",0,0.089002006936749,-0.582015336753803,0,0,0,0,0,0,0,0
"878","wetland1","aquatic_predator1",8.35111543473488e-07,0.0313752117211791,0.23448076663669,0.00260888846181118,0.00245355771472511,0.00245355771472511,0.00243602037231216,1.39512751968512e-05,1.39512751968512e-05,0.000120319218408962,8.35111543473488e-07
"883","wetland1","herbivore_aquatic1",3.56998162702737e-05,0.0221891173559385,0.479595230354214,0.111526226028335,0.10299396993974,0.10299396993974,0.101208979126226,0.000463412932031732,0.000463412932031732,0.00399658676328367,3.56998162702737e-05
"890","wetland1","aquatic1",0.00116813922116443,0.0137458343150371,0.221257963829275,1,1,0.999956867492758,0.999956867492758,0.0115483130598661,0.0115483130598661,0.099595483688738,0.00116813922116443
"906","shrubland1","Hand_wing_index",0.00429568846943229,0.0106511960509806,-0.00224167255618026,1,1,0.999956867492758,0.999956867492758,0.0350384615626801,0.0350384615626801,0.302180284596896,0.00429568846943229
"909","shrubland1","forest1",0,0.123821822137671,-0.221927829062158,0,0,0,0,0,0,0,0
"910","shrubland1","grassland1",0.000609259361183723,0.0153083534897006,-0.107230325361524,1,1,0.999956867492758,0.999956867492758,0.00643015623087146,0.00643015623087146,0.05545524412855,0.000609259361183723
"913","shrubland1","woodland1",0.00152907826738291,0.0131021593086079,-0.112277244856556,1,1,0.999956867492758,0.999956867492758,0.014563538132025,0.014563538132025,0.125599524100123,0.00152907826738291
"919","shrubland1","carnivore1",0.00266717059455313,0.0117780389616904,-0.0679697355035971,1,1,0.999956867492758,0.999956867492758,0.0238064026782399,0.0238064026782399,0.205312254468418,0.00266717059455313
"965","woodland1","forest1",0,0.14164086822878,-0.243811270545034,0,0,0,0,0,0,0,0
"966","woodland1","grassland1",0.00271558431892993,0.011735372443153,-0.0951501285071582,1,1,0.999956867492758,0.999956867492758,0.0241008108305031,0.0241008108305031,0.207851302567872,0.00271558431892993
"968","woodland1","wetland1",0.00982010482264917,0.00871718321159435,-0.0776403128431676,1,1,0.999956867492758,0.999956867492758,0.0702118676421083,0.0702118676421083,0.605524363797124,0.00982010482264917
"969","woodland1","shrubland1",0.00164365683867507,0.0129297164823798,-0.115915391004203,1,1,0.999956867492758,0.999956867492758,0.0155506884362471,0.0155506884362471,0.134112950391289,0.00164365683867507
"985","woodland1","afrotropic1",0.00126118414604814,0.013562449021761,0.117242076927744,1,1,0.999956867492758,0.999956867492758,0.0122739541191726,0.0122739541191726,0.105853590124837,0.00126118414604814
"988","woodland1","invertivore1",5.98435266498942e-05,0.0209302843142687,0.0863909127430398,0.186951177254269,0.171930452065146,0.171930452065146,0.168040622832903,0.000741869751009006,0.000741869751009006,0.00639806665291792,5.98435266498942e-05
"1000","woodland1","generalist1",0.0050498114625761,0.0102706057953524,0.103590430033449,1,1,0.999956867492758,0.999956867492758,0.0407638527366608,0.0407638527366608,0.351557462053363,0.0050498114625761
"1028","marine1","coastal1",0,0.0904338885023901,-0.204306749159488,0,0,0,0,0,0,0,0
"1039","marine1","neotropic1",4.77229742394947e-05,0.0214815519919282,0.0543543168858467,0.149086571524181,0.137489888783984,0.137489888783984,0.134817402226573,0.000611010539033531,0.000611010539033531,0.00526950471973668,4.77229742394947e-05
"1057","marine1","aerial1",0.00256273078201708,0.0118728159678279,-0.0465998037616925,1,1,0.999956867492758,0.999956867492758,0.0230719624294564,0.0230719624294564,0.198978261664544,0.00256273078201708
"1062","marine1","fGn",0.00307211967773835,0.0114430543461435,0.133024728174984,1,1,0.999956867492758,0.999956867492758,0.0265853237486277,0.0265853237486277,0.229278351222406,0.00307211967773835
"1087","riverline1","carnivore1",0.00858567079498451,0.00902929919748975,0.0237294872252656,1,1,0.999956867492758,0.999956867492758,0.0632585744422915,0.0632585744422915,0.545557458165507,0.00858567079498451
"1102","riverline1","aquatic_predator1",8.03371991153767e-09,0.0427454566946809,0.085917308626413,2.50973410036437e-05,2.38039120978861e-05,2.38039120978861e-05,2.37958783779746e-05,1.54921858047183e-07,1.54921858047183e-07,1.33608409351055e-06,8.03371991153767e-09
"1107","riverline1","herbivore_aquatic1",0.00164765616914142,0.0129239190740345,-0.110409316578324,1,1,0.999956867492758,0.999956867492758,0.0155506884362471,0.0155506884362471,0.134112950391289,0.00164765616914142
"1116","riverline1","fCn",0.00875176001650102,0.00898472752900392,0.503602377911404,1,1,0.999956867492758,0.999956867492758,0.0638796689054888,0.0638796689054888,0.550913929119997,0.00875176001650102
"1130","coastal1","Hand_wing_index",0.00357514358627542,0.0110844037971094,0.00144216565965488,1,1,0.999956867492758,0.999956867492758,0.0301044435674512,0.0301044435674512,0.25962810349336,0.00357514358627542
"1136","coastal1","wetland1",4.82280881897168e-13,0.0663445917697359,-0.126943668583187,1.50664547504675e-09,1.44587808392771e-09,1.44587808392771e-09,1.44587808392771e-09,1.18633501972185e-11,1.18633501972185e-11,1.02312441214212e-10,4.82280881897168e-13
"1139","coastal1","marine1",2.61166967767679e-05,0.0229516575409417,-0.135336913829263,0.0815885607306229,0.0755817204719663,0.0755817204719663,0.074380352420235,0.000353197232600099,0.000353197232600099,0.00304605954445251,2.61166967767679e-05
"1153","coastal1","afrotropic1",0.00836241071639821,0.00909062064922651,-0.050597082138146,1,1,0.999956867492758,0.999956867492758,0.0617592696880095,0.0617592696880095,0.532627086307258,0.00836241071639821
"1158","coastal1","aquatic_predator1",0,0.0910340415434723,0.114655817326793,0,0,0,0,0,0,0,0
"1170","coastal1","aquatic1",0.00274283999167135,0.0117116900077305,-0.0869626423455337,1,1,0.999956867492758,0.999956867492758,0.0242737454220433,0.0242737454220433,0.209342732892083,0.00274283999167135
"1189","rock1","forest1",0.00130346000150894,0.0134835954626048,-0.0300013024086772,1,1,0.999956867492758,0.999956867492758,0.0125292585991198,0.0125292585991198,0.108055398565294,0.00130346000150894
"1204","rock1","palearctic1",0.000702105667082398,0.0149671667621037,0.032558759125712,1,1,0.999956867492758,0.999956867492758,0.00728697044506781,0.00728697044506781,0.0628446200185089,0.000702105667082398
"1272","desert1","granivore1",0.000977688339276916,0.014172205857173,0.0254367208807142,1,1,0.999956867492758,0.999956867492758,0.00982089508649867,0.00982089508649867,0.0846978074915064,0.000977688339276916
"1293","carnivore1","Beak_width",0.00615322360560366,0.00980697063565144,-0.00885847349687463,1,1,0.999956867492758,0.999956867492758,0.0486649887187489,0.0486649887187489,0.41969879626791,0.00615322360560366
"1305","carnivore1","shrubland1",0.00726750534163689,0.00941778740702394,-0.116679225713189,1,1,0.999956867492758,0.999956867492758,0.0555102363992021,0.0555102363992021,0.478733890845771,0.00726750534163689
"1308","carnivore1","riverline1",0.00991527047343199,0.0086948114236293,0.369582712188207,1,1,0.999956867492758,0.999956867492758,0.0704104170863649,0.0704104170863649,0.607236702892398,0.00991527047343199
"1313","carnivore1","omnivore1",0,0.386501941709628,-0.604111652315355,0,0,0,0,0,0,0,0
"1320","carnivore1","nearctic1",0.00263436190047672,0.0118074012155757,0.132727601875524,1,1,0.999956867492758,0.999956867492758,0.0235809357509721,0.0235809357509721,0.20336777239899,0.00263436190047672
"1324","carnivore1","invertivore1",0,0.337593240503698,0.648041593396075,0,0,0,0,0,0,0,0
"1326","carnivore1","aquatic_predator1",2.38342678926529e-12,0.0624922967244804,0.423137643235868,7.44582528966477e-09,7.13836323384954e-09,7.13836323384954e-09,7.12167924632469e-09,5.72755791512674e-11,5.72755791512674e-11,4.93958639634353e-10,2.38342678926529e-12
"1327","carnivore1","omnivoretn1",0,0.0992600530507941,-0.278715611507907,0,0,0,0,0,0,0,0
"1328","carnivore1","granivore1",6.78292984446216e-07,0.0318847951263462,-0.274629319499172,0.00211898728340998,0.00199418137427188,0.00199418137427188,0.00198061551458295,1.14539853157296e-05,1.14539853157296e-05,9.87819780923936e-05,6.78292984446216e-07
"1329","carnivore1","frugivore1",1.88851134730328e-09,0.0462819555800116,-0.316301652586824,5.89970944897545e-06,5.60887870149074e-06,5.60887870149074e-06,5.60132465610153e-06,3.80626416062932e-08,3.80626416062932e-08,3.28261554878026e-07,1.88851134730328e-09
"1330","carnivore1","nectarivore1",6.69178552779037e-05,0.0206582737987997,-0.529173764954083,0.209051379888171,0.192054244647584,0.192054244647584,0.187436912633408,0.000819809332894789,0.000819809332894789,0.00707023671933129,6.69178552779037e-05
"1331","carnivore1","herbivore_aquatic1",0.00617915337591057,0.00979712276348855,-0.375644760108784,1,1,0.999956867492758,0.999956867492758,0.0487186328883754,0.0487186328883754,0.420161436741313,0.00617915337591057
"1347","herbivore1","Beak_length_Culmen",0.00246781279957764,0.0119624083412134,-0.00161320715757564,1,1,0.999956867492758,0.999956867492758,0.02234622372719,0.02234622372719,0.192719313131614,0.00246781279957764
"1368","herbivore1","carnivore1",0,0.209490410562891,-0.399558642394986,0,0,0,0,0,0,0,0
"1369","herbivore1","omnivore1",0,0.213134990103533,-0.394818785432055,0,0,0,0,0,0,0,0
"1380","herbivore1","invertivore1",0,0.156261870720507,-0.385504243376083,0,0,0,0,0,0,0,0
"1382","herbivore1","aquatic_predator1",1.48116148714905e-05,0.0243366782995831,-0.230863613721666,0.0462714848585363,0.0429981179719369,0.0429981179719369,0.0423760301473343,0.000208430111975389,0.000208430111975389,0.00179755239660323,1.48116148714905e-05
"1384","herbivore1","granivore1",4.23145296579719e-10,0.0499289902609886,0.301085508096765,1.32190590651504e-06,1.25928040262124e-06,1.25928040262124e-06,1.25716467613835e-06,8.87185172157746e-09,8.87185172157746e-09,7.65130247893988e-08,4.23145296579719e-10
"1385","herbivore1","frugivore1",0,0.0909385789865363,0.390110371260332,0,0,0,0,0,0,0,0
"1386","herbivore1","nectarivore1",2.45759751509311e-05,0.0231000643467984,0.48882277353529,0.0767753463715088,0.0711720240370965,0.0711720240370965,0.0700415291801536,0.000335263521272964,0.000335263521272964,0.00289139482028881,2.45759751509311e-05
"1387","herbivore1","herbivore_aquatic1",7.56297849990872e-06,0.0259799368434567,0.538105423435591,0.0236267448337148,0.0220309563702341,0.0220309563702341,0.0217284372302378,0.000111446909592995,0.000111446909592995,0.000961145477178298,7.56297849990872e-06
"1408","omnivore1","Wing_length",0.0022866333116851,0.0121435473738709,0.000456126135237263,1,1,0.999956867492758,0.999956867492758,0.0208872586716499,0.0208872586716499,0.180136840727357,0.0022866333116851
"1424","omnivore1","carnivore1",0,0.366332844412393,-0.589640260216465,0,0,0,0,0,0,0,0
"1425","omnivore1","herbivore1",0,0.184334377737744,-0.483520703904009,0,0,0,0,0,0,0,0
"1436","omnivore1","invertivore1",1.26028076863349e-11,0.0584643603795082,-0.254110421384906,3.93711712121102e-08,3.76067781360233e-08,3.76067781360233e-08,3.75689697129643e-08,2.79228164624895e-10,2.79228164624895e-10,2.40813216364759e-09,1.26028076863349e-11
"1438","omnivore1","aquatic_predator1",0.00349795135958231,0.0111359834258827,-0.16435511604137,1,1,0.999956867492758,0.999956867492758,0.0296140922692009,0.0296140922692009,0.25539919365402,0.00349795135958231
"1439","omnivore1","omnivoretn1",0,0.122130073586439,0.310855003961289,0,0,0,0,0,0,0,0
"1464","scavenger1","Wing_length",0.00775238404745249,0.00926709692185906,3.72440830109181e-05,1,1,0.999956867492758,0.999956867492758,0.0576629708672419,0.0576629708672419,0.497299600788547,0.00775238404745249
"1540","australian1","palearctic1",0.00312275079293634,0.0114043555231414,-0.0319398305275741,1,1,0.999956867492758,0.999956867492758,0.0269488217600363,0.0269488217600363,0.232413247209244,0.00312275079293634
"1545","australian1","afrotropic1",1.51446838383418e-05,0.0242823431358094,-0.11980761084582,0.0473119923109798,0.0439498724988679,0.0439498724988679,0.0433137957776576,0.000212161400497667,0.000212161400497667,0.00182973194380048,1.51446838383418e-05
"1577","palearctic1","Kipps_distance",6.04985939123281e-08,0.0378056351406069,0.00218440891783795,0.000188997607382113,0.000179015339386579,0.000179015339386579,0.000178410353447456,1.1385398035067e-06,1.1385398035067e-06,9.81904645650869e-06,6.04985939123281e-08
"1578","palearctic1","Hand_wing_index",8.88178419700125e-16,0.0810418285250782,0.0141517380414335,2.77466938314319e-12,2.66897615119888e-12,2.66897615119888e-12,2.66897615119888e-12,2.31222448595266e-14,2.31222448595266e-14,1.99411909671653e-13,8.88178419700125e-16
"1596","palearctic1","australian1",1.46453540850189e-07,0.0356403830789845,-0.302248751626852,0.00045752086161599,0.000432477306130608,0.000432477306130608,0.000430573410099556,2.66000500939529e-06,2.66000500939529e-06,2.29405354835664e-05,1.46453540850189e-07
"1597","palearctic1","indo_malay1",0,0.171681197184851,-0.552429512325605,0,0,0,0,0,0,0,0
"1600","palearctic1","nearctic1",0,0.112493388419766,-0.487207552236059,0,0,0,0,0,0,0,0
"1601","palearctic1","afrotropic1",6.25322016389873e-12,0.0601607345708646,-0.382086119642444,1.95350597920196e-08,1.87033815102211e-08,1.87033815102211e-08,1.86533557489099e-08,1.45784028298654e-10,1.45784028298654e-10,1.25727720899398e-09,6.25322016389873e-12
"1602","palearctic1","oceania1",2.54094266405325e-06,0.0286495606232195,-0.653853567769673,0.00793790488250235,0.00743225729235576,0.00743225729235576,0.0073534880697701,3.96895244125118e-05,3.96895244125118e-05,0.00034229219114068,2.54094266405325e-06
"1606","palearctic1","aquatic_predator1",0.00283160011272043,0.0116361863129905,0.212354799045475,1,1,0.999956867492758,0.999956867492758,0.024988471051239,0.024988471051239,0.215506701982241,0.00283160011272043
"1612","palearctic1","herbivore_terrestrial1",0.00214948184460639,0.0122906064269202,0.383284949993647,1,1,0.999956867492758,0.999956867492758,0.0199144084023332,0.0199144084023332,0.171746741443849,0.00214948184460639
"1614","palearctic1","insessorial1",0.00527932052998881,0.0101661949575662,-0.119985103121629,1,1,0.999956867492758,0.999956867492758,0.0423513301150034,0.0423513301150034,0.365248256243072,0.00527932052998881
"1633","indo_malay1","Kipps_distance",0.0034421361955459,0.0111740033686168,-0.00091261914728156,1,1,0.999956867492758,0.999956867492758,0.0292207431382755,0.0292207431382755,0.25200685429242,0.0034421361955459
"1634","indo_malay1","Hand_wing_index",0.00360227158265713,0.0110665448186916,-0.00399928011134069,1,1,0.999956867492758,0.999956867492758,0.030251334473712,0.030251334473712,0.260894926689326,0.00360227158265713
"1637","indo_malay1","forest1",0.00814025351352399,0.00915332100938465,0.0700624584420965,1,1,0.999956867492758,0.999956867492758,0.0602610236404003,0.0602610236404003,0.51970584499497,0.00814025351352399
"1638","indo_malay1","grassland1",0.00386909698474391,0.0108978250832078,-0.1007408478048,1,1,0.999956867492758,0.999956867492758,0.0318080499482631,0.0318080499482631,0.274320422677348,0.00386909698474391
"1652","indo_malay1","australian1",1.34406739071835e-08,0.041487103436769,-0.250125672458198,4.19886652860413e-05,3.98112761130775e-05,3.98112761130775e-05,3.97978354391703e-05,2.57599173533995e-07,2.57599173533995e-07,2.22159844065008e-06,1.34406739071835e-08
"1653","indo_malay1","palearctic1",0,0.180050156221452,-0.316811172728675,0,0,0,0,0,0,0,0
"1657","indo_malay1","afrotropic1",1.04413625243716e-05,0.0251912468294862,-0.185817958539749,0.0326188165261369,0.0303634822208726,0.0303634822208726,0.0299562690824221,0.000150317126848557,0.000150317126848557,0.00129637176248814,1.04413625243716e-05
"1668","indo_malay1","herbivore_terrestrial1",0.000663369430394578,0.015103635727565,-0.317378478454495,1,1,0.999956867492758,0.999956867492758,0.00695424865957269,0.00695424865957269,0.0599751457508489,0.000663369430394578
"1670","indo_malay1","insessorial1",0.00337603753376214,0.0112198452634166,0.0951549956974399,1,1,0.999956867492758,0.999956867492758,0.0288162329384506,0.0288162329384506,0.24851825913573,0.00337603753376214
"1722","madagascar1","nectarivore1",0.00372462466210366,0.0109876568431166,0.0659494393426899,1,1,0.999956867492758,0.999956867492758,0.0310180884895966,0.0310180884895966,0.267507601344614,0.00372462466210366
"1745","neotropic1","Kipps_distance",0.00670386129903555,0.00960640637440432,-0.000856364618212162,1,1,0.999956867492758,0.999956867492758,0.0522265902697932,0.0522265902697932,0.450414921414844,0.00670386129903555
"1746","neotropic1","Hand_wing_index",2.15211328469245e-06,0.0290562906975099,-0.00654778884200947,0.00672320190137921,0.00630353981086419,0.00630312049821315,0.00623682429903872,3.41373131751163e-05,3.41373131751163e-05,0.000294408559924255,2.15211328469245e-06
"1763","neotropic1","scavenger1",0.00893157209665807,0.00893743675851091,0.751960551173867,1,1,0.999956867492758,0.999956867492758,0.0647383555219485,0.0647383555219485,0.558319453066223,0.00893157209665807
"1764","neotropic1","australian1",0.000559422817522082,0.0155138030829673,-0.149960581639934,1,1,0.999956867492758,0.999956867492758,0.00598505781485953,0.00598505781485953,0.05161660624248,0.000559422817522082
"1765","neotropic1","palearctic1",3.10032153283402e-07,0.0338030349414613,-0.133535633845195,0.000968540446857348,0.000913974787879469,0.000913974787879469,0.000908704241273651,5.47197992574773e-06,5.47197992574773e-06,4.71916967105696e-05,3.10032153283402e-07
"1768","neotropic1","nearctic1",0,0.117183810037876,-0.353275006460364,0,0,0,0,0,0,0,0
"1769","neotropic1","afrotropic1",1.35005762569307e-07,0.0358397570723865,-0.214490273865788,0.000421758002266515,0.000398807022629733,0.000398807022629733,0.000396916941953763,2.46642106588605e-06,2.46642106588605e-06,2.12710200843709e-05,1.35005762569307e-07
"1771","neotropic1","antarctic1",5.18283638228922e-10,0.0494349517097067,-0.679607390611338,1.61911808582715e-06,1.54189382373104e-06,1.54189382373104e-06,1.5393024055399e-06,1.0794120572181e-08,1.0794120572181e-08,9.30911427329624e-08,5.18283638228922e-10
"1781","neotropic1","scavengertn1",0.00893157209665807,0.00893743675851091,0.751960551173867,1,1,0.999956867492758,0.999956867492758,0.0647383555219485,0.0647383555219485,0.558319453066223,0.00893157209665807
"1802","nearctic1","Hand_wing_index",0.00026132798969547,0.0173513377764528,0.00286090374516607,0.816388639808648,0.744523442642394,0.744523442642394,0.6980070604766,0.00295792985437916,0.00295792985437916,0.0255099124034024,0.00026132798969547
"1807","nearctic1","human1",0.00597704658259612,0.00987502090509891,0.137382169994903,1,1,0.999956867492758,0.999956867492758,0.0477552264041695,0.0477552264041695,0.411852782976392,0.00597704658259612
"1820","nearctic1","australian1",0.0026194610762682,0.0118208592758108,-0.0894514339049475,1,1,0.999956867492758,0.999956867492758,0.0235149321904076,0.0235149321904076,0.202798541507385,0.0026194610762682
"1821","nearctic1","palearctic1",3.99680288865056e-15,0.0778139595137601,-0.175594765176519,1.24860122241444e-11,1.20063958775063e-11,1.20063958775063e-11,1.20063958775063e-11,1.03190183670614e-13,1.03190183670614e-13,8.89937448121427e-13,3.99680288865056e-15
"1824","nearctic1","neotropic1",1.16564535801444e-11,0.058653403414504,-0.201629538107402,3.64147609843711e-08,3.4794513936731e-08,3.4794513936731e-08,3.47478881224105e-08,2.60105435602651e-10,2.60105435602651e-10,2.24321305931209e-09,1.16564535801444e-11
"1855","afrotropic1","Tarsus_length",0.0016576333977063,0.012909517906291,0.001056856369447,1,1,0.999956867492758,0.999956867492758,0.0155673628668013,0.0155673628668013,0.134256754769268,0.0016576333977063
"1858","afrotropic1","Hand_wing_index",0.00147774490537023,0.0131836974891338,-0.00379131906031455,1,1,0.999956867492758,0.999956867492758,0.0141176608084911,0.0141176608084911,0.121754168724581,0.00147774490537023
"1860","afrotropic1","Mass",0.00999463511997867,0.00867632143615854,6.54350314010836e-06,1,1,0.999956867492758,0.999956867492758,0.0707391542694387,0.0707391542694387,0.610071812971679,0.00999463511997867
"1866","afrotropic1","woodland1",0.00525200939080861,0.0101783750832037,0.0902556533363326,1,1,0.999956867492758,0.999956867492758,0.0422867972600157,0.0422867972600157,0.364691709077006,0.00525200939080861
"1869","afrotropic1","coastal1",2.20618274537898e-07,0.0346366391863617,-0.306223367353909,0.000689211489656393,0.000650823909886799,0.000650823909886799,0.000647294017494193,3.9383513694651e-06,3.9383513694651e-06,3.39653079670348e-05,2.20618274537898e-07
"1876","afrotropic1","australian1",5.19621010841576e-06,0.0268982440755441,-0.172349948753049,0.0162329603786908,0.0151619872555573,0.0151573448862488,0.014959888902129,7.80430787437059e-05,7.80430787437059e-05,0.000673062648695445,5.19621010841576e-06
"1877","afrotropic1","palearctic1",5.76494407766859e-12,0.0603574677196657,-0.15748876683252,1.80096852986367e-08,1.72487126803844e-08,1.72487126803844e-08,1.71968281836854e-08,1.35411167658922e-10,1.35411167658922e-10,1.1678191152192e-09,5.76494407766859e-12
"1878","afrotropic1","indo_malay1",1.11765847514711e-05,0.0250248920696622,-0.135103291596244,0.0349156507635957,0.0324903318725265,0.0324903318725265,0.0320544450672191,0.000160163535612824,0.000160163535612824,0.00138128960619315,1.11765847514711e-05
"1880","afrotropic1","neotropic1",3.93160359379863e-07,0.0332210241850689,-0.160472229984654,0.00122823296270269,0.00115825041873308,0.00115825041873308,0.00115117353226424,6.86163666314353e-06,6.86163666314353e-06,5.91764371834655e-05,3.93160359379863e-07
"1917","oceania1","forest1",0.00696209116240309,0.00951806165396065,0.0246096782230302,1,1,0.999956867492758,0.999956867492758,0.0538355762162061,0.0538355762162061,0.464291210769891,0.00696209116240309
"1933","oceania1","palearctic1",2.62037441656204e-06,0.0285741826867723,-0.0437584042454579,0.00818604967733981,0.00766197479402741,0.00766197479402741,0.00758074318711398,4.07266153101483e-05,4.07266153101483e-05,0.000351236317355812,2.62037441656204e-06
"1944","oceania1","granivore1",0.00600458254811675,0.00986425126055397,-0.0463508608980876,1,1,0.999956867492758,0.999956867492758,0.047852846633461,0.047852846633461,0.412694683772092,0.00600458254811675
"1950","oceania1","insessorial1",0.0011644121617449,0.0137534840049252,0.0361822435355182,1,1,0.999956867492758,0.999956867492758,0.0115483130598661,0.0115483130598661,0.099595483688738,0.0011644121617449
"1951","oceania1","terrestrial1",0.0060228330022265,0.00985714095767183,-0.0317904135310984,1,1,0.999956867492758,0.999956867492758,0.0478761585215155,0.0478761585215155,0.412895731211181,0.0060228330022265
"1972","antarctic1","Mass",8.27879542697474e-10,0.0482935302863658,7.12700530470653e-06,2.58629569138691e-06,2.46211375998229e-06,2.46128588043959e-06,2.4571464827261e-06,1.70151032328086e-08,1.70151032328086e-08,1.46742422698492e-07,8.27879542697474e-10
"1979","antarctic1","marine1",1.30891158356405e-07,0.0359155734644565,0.14730665967935,0.000408903978705409,0.000386783372943177,0.000386783372943177,0.000384950896726187,2.40531752179652e-06,2.40531752179652e-06,2.0744048136421e-05,1.30891158356405e-07
"1992","antarctic1","neotropic1",8.75477468298413e-12,0.0593465221327155,-0.0713301006915755,2.73499161096424e-08,2.61417572033906e-08,2.61417572033906e-08,2.61067381046587e-08,1.96761986400305e-10,1.96761986400305e-10,1.69692362040301e-09,8.75477468298413e-12
"2021","invertivore1","Beak_width",0.000362632954883146,0.0165593368016933,-0.0104979998770721,1,1,0.999956867492758,0.935230390643634,0.00394726603155034,0.00394726603155034,0.0340421901988983,0.000362632954883146
"2022","invertivore1","Beak_depth",0.00040989151046178,0.0162635916154524,-0.00697415576023016,1,1,0.999956867492758,0.999956867492758,0.00443079958021661,0.00443079958021661,0.0382123020939864,0.00040989151046178
"2024","invertivore1","Wing_length",0.000665849642449423,0.0150946601025341,-0.000545450357299024,1,1,0.999956867492758,0.999956867492758,0.00695690395656186,0.00695690395656186,0.0599980456832116,0.000665849642449423
"2040","invertivore1","carnivore1",0,0.330007053428786,0.51301367098414,0,0,0,0,0,0,0,0
"2041","invertivore1","herbivore1",0,0.143816947991585,-0.385481339161459,0,0,0,0,0,0,0,0
"2042","invertivore1","omnivore1",3.35302896559142e-11,0.0560922570282979,-0.20209247594116,1.04748624885076e-07,9.99202631746243e-08,9.99202631746243e-08,9.99202631746243e-08,7.22404309552248e-10,7.22404309552248e-10,6.23019191250773e-09,3.35302896559142e-11
"2053","invertivore1","vertivore1",1.17097336405081e-06,0.030547073606971,-0.478115043528027,0.00365812078929473,0.00343797779685318,0.00343797779685318,0.00341104540948001,1.93551364512949e-05,1.93551364512949e-05,0.000166923442994244,1.17097336405081e-06
"2054","invertivore1","aquatic_predator1",0.00869506879130544,0.0089998433446511,-0.143250572243734,1,1,0.999956867492758,0.999956867492758,0.0638796689054888,0.0638796689054888,0.550913929119997,0.00869506879130544
"2055","invertivore1","omnivoretn1",0,0.176421714465504,-0.320555320225805,0,0,0,0,0,0,0,0
"2056","invertivore1","granivore1",2.15270508818755e-06,0.0290556173288091,-0.233526607976188,0.00672505069549791,0.00630353981086419,0.00630312049821315,0.00623853934556752,3.41373131751163e-05,3.41373131751163e-05,0.000294408559924255,2.15270508818755e-06
"2057","invertivore1","frugivore1",1.62639159917433e-08,0.0410207527401748,-0.262891630667679,5.08084735582061e-05,4.81574552515519e-05,4.81574552515519e-05,4.81411913355602e-05,3.09807765598817e-07,3.09807765598817e-07,2.67185814113176e-06,1.62639159917433e-08
"2058","invertivore1","nectarivore1",1.53997384482185e-05,0.0242415382096923,-0.517479046829011,0.0481087829122346,0.0446746412382819,0.0446746412382819,0.0440432519619049,0.000214771352286762,0.000214771352286762,0.00185224080803819,1.53997384482185e-05
"2109","vertivore1","invertivore1",0.00017963060864834,0.018259317559366,-0.0331262640691021,0.561166021417414,0.512845387691011,0.512845387691011,0.489852669784023,0.00207839267191635,0.00207839267191635,0.0179245680630204,0.00017963060864834
"2131","aquatic_predator1","Beak_length_Culmen",5.26698937881598e-05,0.0212412606066911,0.0014831316067347,0.164540748194211,0.151478614534748,0.151478614534748,0.148371090801246,0.00065908123609119,0.00065908123609119,0.00568407819898802,5.26698937881598e-05
"2132","aquatic_predator1","Beak_length_Nares",3.67387321098533e-06,0.0277467956458106,0.00225490427679928,0.0114771799111182,0.0107350575224991,0.0107350575224991,0.0105991242136927,5.65378320744737e-05,5.65378320744737e-05,0.000487596127934824,3.67387321098533e-06
"2137","aquatic_predator1","Kipps_distance",0.00373459206904769,0.0109813465400502,0.000637728289502804,1,1,0.999956867492758,0.999956867492758,0.0310180884895966,0.0310180884895966,0.267507601344614,0.00373459206904769
"2138","aquatic_predator1","Hand_wing_index",3.92572714225103e-05,0.0219575008718491,0.00393279338767303,0.122639715923922,0.113178713511097,0.113178713511097,0.111137335397127,0.000506775685636042,0.000506775685636042,0.00437055778371831,3.92572714225103e-05
"2141","aquatic_predator1","forest1",0.00295402112563448,0.0115358926249963,-0.0521883480465588,1,1,0.999956867492758,0.999956867492758,0.025777547476207,0.025777547476207,0.222311890567333,0.00295402112563448
"2142","aquatic_predator1","grassland1",0.000351218059961855,0.0166365899301881,-0.0808379767950702,1,0.997108072231706,0.997108072231706,0.910031099721936,0.00383638188573719,0.00383638188573719,0.0330858981345574,0.000351218059961855
"2144","aquatic_predator1","wetland1",0.000124877411322277,0.0191414785397808,0.0947522174627059,0.390117032970793,0.35702451897039,0.35702451897039,0.344661655249485,0.00146660538710825,0.00146660538710825,0.0126483644972514,0.000124877411322277
"2147","aquatic_predator1","marine1",0.0001765342957043,0.0183014727180362,0.220755402697913,0.551493139780233,0.504181948531481,0.504181948531481,0.481762092977035,0.00205016037093023,0.00205016037093023,0.0176810857762326,0.0001765342957043
"2148","aquatic_predator1","riverline1",6.08715260419501e-08,0.0377905877530877,0.452056785032864,0.000190162647355052,0.000180057974032088,0.000180057974032088,0.000179510130297711,1.138698487156e-06,1.138698487156e-06,9.82041498321239e-06,6.08715260419501e-08
"2149","aquatic_predator1","coastal1",2.33444352737422e-09,0.0457645376901635,0.267664302013454,7.29280157951706e-06,6.93096283277406e-06,6.93096283277406e-06,6.92162505866456e-06,4.67487280738273e-08,4.67487280738273e-08,4.03172494563471e-07,2.33444352737422e-09
"2152","aquatic_predator1","carnivore1",3.03357339248578e-12,0.0619095440400093,0.146138313385695,9.47688327812558e-09,9.07948516370994e-09,9.07948516370994e-09,9.06128372335502e-09,7.17945702888301e-11,7.17945702888301e-11,6.19173979530484e-10,3.03357339248578e-12
"2153","aquatic_predator1","herbivore1",3.5353484557632e-05,0.0222128906140296,-0.0995913520116513,0.110444285758042,0.102030156433326,0.102030156433326,0.100227128720887,0.000462109982251223,0.000462109982251223,0.00398534980486912,3.5353484557632e-05
"2154","aquatic_predator1","omnivore1",0.00268664733407098,0.0117607807358102,-0.0618596985399767,1,1,0.999956867492758,0.999956867492758,0.0239119266998226,0.0239119266998226,0.206222319506993,0.00268664733407098
"2157","aquatic_predator1","palearctic1",0.00252523774490809,0.0119077973757649,0.0540260829148216,1,1,0.999956867492758,0.999956867492758,0.0228001234540256,0.0228001234540256,0.196633855680473,0.00252523774490809
"2165","aquatic_predator1","invertivore1",0.00754863409425277,0.0093292135505115,-0.0639441139793803,1,1,0.999956867492758,0.999956867492758,0.0568239347239654,0.0568239347239654,0.490063547341714,0.00754863409425277
"2166","aquatic_predator1","vertivore1",0.00326285484426947,0.0113004971243447,-0.191283381063257,1,1,0.999956867492758,0.999956867492758,0.0280803265385615,0.0280803265385615,0.242171621885194,0.00326285484426947
"2167","aquatic_predator1","omnivoretn1",0,0.0938314124571485,-0.156251967733164,0,0,0,0,0,0,0,0
"2171","aquatic_predator1","herbivore_aquatic1",0,0.90305740114659,-0.990692280810612,0,0,0,0,0,0,0,0
"2177","aquatic_predator1","aerial1",3.14904932245952e-05,0.0224951145481373,0.16821628132556,0.0983763008336354,0.0910390159123047,0.0910390159123047,0.0894330007578504,0.000418833145342859,0.000418833145342859,0.00361211975108868,3.14904932245952e-05
"2178","aquatic_predator1","aquatic1",0.00129325994409024,0.0135023818600295,0.174235867775424,1,1,0.999956867492758,0.999956867492758,0.0125049552888093,0.0125049552888093,0.107845800857554,0.00129325994409024
"2179","aquatic_predator1","fTn",0.00236671663816113,0.0120617530422352,0.514679480742698,1,1,0.999956867492758,0.999956867492758,0.0214930894698121,0.0214930894698121,0.185361674091652,0.00236671663816113
"2189","omnivoretn1","Beak_width",0.00133316207134326,0.0134297242779678,0.0103671045208459,1,1,0.999956867492758,0.999956867492758,0.0127754549413385,0.0127754549413385,0.110178656192495,0.00133316207134326
"2190","omnivoretn1","Beak_depth",0.00621730846861857,0.00978270808071031,0.00595890612435312,1,1,0.999956867492758,0.999956867492758,0.0488011850652372,0.0488011850652372,0.420873386957894,0.00621730846861857
"2191","omnivoretn1","Tarsus_length",0.000264703178414427,0.0173202869547681,0.00154930947386948,0.82693272936667,0.753874652124288,0.753874652124288,0.706492783188106,0.00298531671251505,0.00298531671251505,0.0257461033837316,0.000264703178414427
"2192","omnivoretn1","Wing_length",0.000349541839941736,0.0166481464182844,0.000601914204659256,1,0.99269882543453,0.99269882543453,0.906361990968921,0.00383146915079994,0.00383146915079994,0.0330435295037649,0.000349541839941736
"2199","omnivoretn1","human1",0.00110678942432552,0.013875004251426,0.231703243290941,1,1,0.999956867492758,0.999956867492758,0.0110820838512594,0.0110820838512594,0.0955746086656686,0.00110678942432552
"2208","omnivoretn1","carnivore1",0,0.123379798082558,-0.368805908206511,0,0,0,0,0,0,0,0
"2210","omnivoretn1","omnivore1",0,0.120398986128557,0.390024409579165,0,0,0,0,0,0,0,0
"2221","omnivoretn1","invertivore1",0,0.169879374134311,-0.489915902302087,0,0,0,0,0,0,0,0
"2223","omnivoretn1","aquatic_predator1",4.44089209850063e-16,0.0837574305906651,-0.515658893201844,1.3873346915716e-12,1.33537625401914e-12,1.33493216480929e-12,1.33493216480929e-12,1.1658274719089e-14,1.1658274719089e-14,1.00543820002514e-13,4.44089209850063e-16
"2224","omnivoretn1","granivore1",0,0.103741437266948,-0.541436940891901,0,0,0,0,0,0,0,0
"2225","omnivoretn1","frugivore1",4.44089209850063e-16,0.083225782079828,-0.471187475454629,1.3873346915716e-12,1.33537625401914e-12,1.33493216480929e-12,1.33493216480929e-12,1.1658274719089e-14,1.1658274719089e-14,1.00543820002514e-13,4.44089209850063e-16
"2228","omnivoretn1","herbivore_terrestrial1",8.43515479687085e-10,0.0482479154832428,-0.725605542591313,2.63514235854245e-06,2.50692800563002e-06,2.50692800563002e-06,2.50355394371127e-06,1.72231526702121e-08,1.72231526702121e-08,1.48536692064239e-07,8.43515479687085e-10
"2237","omnivoretn1","fAn",0.000881547376010872,0.0144204951378969,1.40995152144692,1,1,0.999956867492758,0.999956867492758,0.00891247250051121,0.00891247250051121,0.0768633483478915,0.000881547376010872
"2239","omnivoretn1","ghahSkew",0.000272633276610534,0.0172488712346665,-0.404562805744428,0.851706356131308,0.77618693851019,0.77618693851019,0.726295048890463,0.00306369192852989,0.00306369192852989,0.0264220304656995,0.000272633276610534
"2240","omnivoretn1","Stg_Sac",9.22980800766027e-06,0.025492819389093,-0.957138858847845,0.0288339202159307,0.0268587413022914,0.0268587413022914,0.026489548981985,0.000134111256818282,0.000134111256818282,0.00115660836536729,9.22980800766027e-06
"2253","granivore1","forest1",1.86337923140378e-05,0.0237758805386671,-0.0826413776746304,0.0582119671890541,0.0540379977107096,0.0540379977107096,0.053218110848892,0.000258719854173574,0.000258719854173574,0.00223126346529747,1.86337923140378e-05
"2262","granivore1","rock1",0.000165028872221029,0.0184649016451702,0.194758578032924,0.515550196818495,0.47148748793548,0.47148748793548,0.451684023268956,0.00192369476424811,0.00192369476424811,0.0165904153724947,0.000165028872221029
"2264","granivore1","carnivore1",1.20837207728819e-06,0.0304700554078407,-0.112900024362676,0.00377495436944831,0.00354536367476355,0.00354536367476355,0.00351877948906321,1.97641590023472e-05,1.97641590023472e-05,0.000170450953774431,1.20837207728819e-06
"2265","granivore1","herbivore1",2.5195658892585e-09,0.0455782380458958,0.157710878067872,7.87112383804355e-06,7.47807155931923e-06,7.47807155931923e-06,7.47051286165145e-06,5.01345467391309e-08,5.01345467391309e-08,4.32372624998555e-07,2.5195658892585e-09
"2273","granivore1","nearctic1",7.25188561085943e-05,0.0204626512870201,-0.0926263537733606,0.226548906483249,0.20791156046334,0.20791156046334,0.202835240535738,0.000878096536756777,0.000878096536756777,0.00757291985854003,7.25188561085943e-05
"2277","granivore1","invertivore1",2.08914101094138e-05,0.0234966072151087,-0.0866433910766267,0.0652647651818087,0.0605433064970812,0.0605433064970812,0.0596031930421576,0.000287509978774488,0.000287509978774488,0.00247955655972804,2.08914101094138e-05
"2280","granivore1","omnivoretn1",0,0.111512256128146,-0.187219940126113,0,0,0,0,0,0,0,0
"2306","frugivore1","Hand_wing_index",0.00299790325478821,0.011500964453883,-0.0030881057259214,1,1,0.999956867492758,0.999956867492758,0.0260151382443288,0.0260151382443288,0.224360931613276,0.00299790325478821
"2309","frugivore1","forest1",3.36270714131892e-05,0.0223349918657036,0.0840789494004553,0.105050971094803,0.0971486093127036,0.0971486093127036,0.0954000015992178,0.000445131233452555,0.000445131233452555,0.00383892091172544,3.36270714131892e-05
"2320","frugivore1","carnivore1",2.17170725846927e-11,0.0571456587896189,-0.160709988143225,6.784413475458e-08,6.47603104475536e-08,6.47603104475536e-08,6.47168763023842e-08,4.74434508773287e-10,4.74434508773287e-10,4.09163954379778e-09,2.17170725846927e-11
"2321","frugivore1","herbivore1",0,0.103319978935522,0.246614863927333,0,0,0,0,0,0,0,0
"2333","frugivore1","invertivore1",2.29091634551537e-10,0.0514228313321629,-0.170294534799963,7.15682266339002e-07,6.82234887694477e-07,6.82234887694477e-07,6.81318521156271e-07,4.85817424727524e-09,4.85817424727524e-09,4.18980860228913e-08,2.29091634551537e-10
"2336","frugivore1","omnivoretn1",0,0.104893843084186,-0.194362585502339,0,0,0,0,0,0,0,0
"2337","frugivore1","granivore1",0.000793443194543553,0.0146732875680372,-0.1261018112251,1,1,0.999956867492758,0.999956867492758,0.00818058263945234,0.00818058263945234,0.0705513507131576,0.000793443194543553
"2342","frugivore1","insessorial1",6.4989946757521e-09,0.0432636355810804,0.141910637284332,2.03028593670496e-05,1.92630202189292e-05,1.92630202189292e-05,1.92500222295777e-05,1.26104716565525e-07,1.26104716565525e-07,1.08755799887541e-06,6.4989946757521e-09
"2343","frugivore1","terrestrial1",5.27433767678609e-05,0.0212378645102429,-0.103641612113611,0.164770309022797,0.1516372082076,0.1516372082076,0.148578092355064,0.00065908123609119,0.00065908123609119,0.00568407819898802,5.27433767678609e-05
"2352","frugivore1","Stg_Sac",0.00089153898516825,0.0143934507026854,0.428544827269681,1,1,0.999956867492758,0.999956867492758,0.00898441222472778,0.00898441222472778,0.0774837741704893,0.00089153898516825
"2383","nectarivore1","madagascar1",0.00372462466210344,0.0109876568431129,0.16660728207289,1,1,0.999956867492758,0.999956867492758,0.0310180884895966,0.0310180884895966,0.267507601344614,0.00372462466210344
"2389","nectarivore1","invertivore1",0.0049138130603148,0.0103347772580428,-0.0203973272597893,1,1,0.999956867492758,0.999956867492758,0.039872083117983,0.039872083117983,0.343866622183442,0.0049138130603148
"2424","herbivore_aquatic1","wetland1",3.42235712724737e-05,0.0222921076610189,0.0463698534759954,0.106914436655208,0.098837673834904,0.098837673834904,0.0970580481287354,0.00045111576647767,0.00045111576647767,0.00389053299205247,3.42235712724737e-05
"2428","herbivore_aquatic1","riverline1",0.00342904022191837,0.0111830145889423,-0.108074304410325,1,1,0.999956867492758,0.999956867492758,0.0291888873386185,0.0291888873386185,0.251732122064545,0.00342904022191837
"2433","herbivore_aquatic1","herbivore1",0.000290753949593103,0.0170932267363958,0.0378065660584829,0.908315338528854,0.826904232642785,0.826904232642785,0.770497966421723,0.00323243892714895,0.00323243892714895,0.0278773459616827,0.000290753949593103
"2447","herbivore_aquatic1","aquatic_predator1",0.000852680256593352,0.0145004024742406,-0.0502727491441861,1,1,0.999956867492758,0.999956867492758,0.00873368236589388,0.00873368236589388,0.075321418384296,0.000852680256593352
"2452","herbivore_aquatic1","herbivore_terrestrial1",1.91477944611051e-11,0.0574508978582311,-0.183765928932513,5.98177098964923e-08,5.71178708774765e-08,5.71178708774765e-08,5.70604274940932e-08,4.21251478144312e-10,4.21251478144312e-10,3.63297604618845e-09,1.91477944611051e-11
"2455","herbivore_aquatic1","terrestrial1",0.000873775037026459,0.0144417472610974,-0.0313296221097362,1,1,0.999956867492758,0.999956867492758,0.00886257537555408,0.00886257537555408,0.0764330233065611,0.000873775037026459
"2458","herbivore_aquatic1","aquatic1",0,0.186332440717082,0.274553505363503,0,0,0,0,0,0,0,0
"2478","herbivore_terrestrial1","grassland1",0.00724364439439906,0.00942546535752662,0.0363182276801379,1,1,0.999956867492758,0.999956867492758,0.0554635909022124,0.0554635909022124,0.478331608641392,0.00724364439439906
"2493","herbivore_terrestrial1","palearctic1",0.000688412566577146,0.015014521228055,0.0341261782072027,1,1,0.999956867492758,0.999956867492758,0.00716866952662335,0.00716866952662335,0.0618243638882655,0.000688412566577146
"2494","herbivore_terrestrial1","indo_malay1",0.0004860296652347,0.0158526514725697,-0.0470956189560691,1,1,0.999956867492758,0.999956867492758,0.00521772052987355,0.00521772052987355,0.0449989013314332,0.0004860296652347
"2504","herbivore_terrestrial1","omnivoretn1",1.80261583437868e-09,0.0463955579792639,-0.0650383282786052,5.631371866599e-06,5.35557164393906e-06,5.35557164393906e-06,5.34655856476716e-06,3.65673497831104e-08,3.65673497831104e-08,3.15365791521622e-07,1.80261583437868e-09
"2508","herbivore_terrestrial1","herbivore_aquatic1",6.87561119150359e-12,0.0599312389422204,-0.316891922212168,2.14794093622572e-08,2.05580774625957e-08,2.05580774625957e-08,2.05099481842552e-08,1.59013038031015e-10,1.59013038031015e-10,1.37136743292429e-09,6.87561119150359e-12
"2514","herbivore_terrestrial1","aquatic1",0.00021190136960203,0.0178589291670942,-0.0956226389094129,0.661979878636742,0.60434270610499,0.60434270610499,0.573193204773491,0.00242483472028111,0.00242483472028111,0.020912369242131,0.00021190136960203
"2528","scavengertn1","Wing_length",0.00775238404745249,0.00926709692185906,3.72440830109181e-05,1,1,0.999956867492758,0.999956867492758,0.0576629708672419,0.0576629708672419,0.497299600788547,0.00775238404745249
"2583","insessorial1","Tarsus_length",0.00767212918720794,0.00929136293032735,-0.0012485700576284,1,1,0.999956867492758,0.999956867492758,0.0574765745343827,0.0574765745343827,0.495692073106134,0.00767212918720794
"2584","insessorial1","Wing_length",0.000859211395170423,0.0144820873192056,-0.000599516204405838,1,1,0.999956867492758,0.999956867492758,0.00877181829579216,0.00877181829579216,0.0756503119953759,0.000859211395170423
"2585","insessorial1","Kipps_distance",2.58885893900107e-05,0.0229730671843921,-0.00156950145369727,0.0808759532543934,0.074947466284081,0.074947466284081,0.0737307025827505,0.000351634579366928,0.000351634579366928,0.0030325828397781,2.58885893900107e-05
"2586","insessorial1","Hand_wing_index",0.00113433650120554,0.013816133310928,-0.00529057407351413,1,1,0.999956867492758,0.999956867492758,0.0113216205423837,0.0113216205423837,0.0976404318287624,0.00113433650120554
"2589","insessorial1","forest1",6.92246260314278e-12,0.0599148498038138,0.19386142728628,2.1625773172218e-08,2.06912407207938e-08,2.06912407207938e-08,2.06497059451749e-08,1.59013038031015e-10,1.59013038031015e-10,1.37136743292429e-09,6.92246260314278e-12
"2598","insessorial1","rock1",7.67658760336687e-06,0.0259434666585172,-0.402755200952047,0.0239816596729181,0.0223542231010043,0.0223542231010043,0.022054836184473,0.000112589951516047,0.000112589951516047,0.000971003351017776,7.67658760336687e-06
"2606","insessorial1","indo_malay1",0.00701063173245764,0.00950182851403928,0.104794930913231,1,1,0.999956867492758,0.999956867492758,0.0540554852113795,0.0540554852113795,0.466187759870029,0.00701063173245764
"2611","insessorial1","oceania1",0.00165938919162767,0.0129069926544522,0.343126362717952,1,1,0.999956867492758,0.999956867492758,0.0155673628668013,0.0155673628668013,0.134256754769268,0.00165938919162767
"2617","insessorial1","granivore1",3.15063345568412e-05,0.0224938877154679,-0.222681077709144,0.0984257891555719,0.0910533068692711,0.0910533068692711,0.089477990141429,0.000418833145342859,0.000418833145342859,0.00361211975108868,3.15063345568412e-05
"2618","insessorial1","frugivore1",5.72884585658961e-06,0.0266594502521782,0.226420496264183,0.0178969144559859,0.0167053145178153,0.0167053145178153,0.0164818895294083,8.56311696458657e-05,8.56311696458657e-05,0.000738504205376234,5.72884585658961e-06
"2623","insessorial1","terrestrial1",0,0.311101111436327,-0.582031579491532,0,0,0,0,0,0,0,0
"2624","insessorial1","generalist1",0,0.17179285454739,-0.441293690748739,0,0,0,0,0,0,0,0
"2625","insessorial1","aerial1",6.98510821184328e-07,0.0318128317649561,-0.325466861764653,0.00218214780537984,0.00205292330346074,0.00205292330346074,0.00203965159785824,1.17319774482787e-05,1.17319774482787e-05,0.000101179450412322,6.98510821184328e-07
"2628","insessorial1","fCn",0.00128338618210466,0.0135207103434976,2.17403798576907,1,1,0.999956867492758,0.999956867492758,0.012451237369239,0.012451237369239,0.10738252434655,0.00128338618210466
"2629","insessorial1","fAn",0.00873639332057774,0.008988814913815,-0.85412289521637,1,1,0.999956867492758,0.999956867492758,0.0638796689054888,0.0638796689054888,0.550913929119997,0.00873639332057774
"2639","terrestrial1","Tarsus_length",4.62175154460898e-05,0.0215596594005948,0.0018663877799381,0.144383518253585,0.133198879515631,0.133198879515631,0.13061069865065,0.000594170857010636,0.000594170857010636,0.00512427517256902,4.62175154460898e-05
"2645","terrestrial1","forest1",4.82969528521338e-05,0.021452421333193,-0.107695157808609,0.150879680710066,0.139095224214145,0.139095224214145,0.136390594854426,0.000615835431469657,0.000615835431469657,0.00531111577525891,4.82969528521338e-05
"2646","terrestrial1","grassland1",0.00758082317614761,0.00931928723885544,0.0869181428443985,1,1,0.999956867492758,0.999956867492758,0.056929066351647,0.056929066351647,0.490970228279064,0.00758082317614761
"2647","terrestrial1","human1",5.25699224458442e-05,0.0212458885309551,0.203774084291064,0.164228437720817,0.151243666876694,0.151243666876694,0.148089471529943,0.00065908123609119,0.00065908123609119,0.00568407819898802,5.25699224458442e-05
"2651","terrestrial1","marine1",0.00219785947502826,0.0122376770231196,-0.283990185158219,1,1,0.999956867492758,0.999956867492758,0.0201944499999655,0.0201944499999655,0.174161888853222,0.00219785947502826
"2654","terrestrial1","rock1",2.22881394926766e-05,0.0233385977534268,0.347098323844232,0.0696281477751217,0.0645687401102841,0.0645687401102841,0.0635657738331137,0.000305386613048779,0.000305386613048779,0.00263372903739166,2.22881394926766e-05
"2656","terrestrial1","carnivore1",0.000208691318965393,0.0178959077428581,0.113368865433744,0.651951680447888,0.595396333008266,0.595396333008266,0.564927400439319,0.00239688117811723,0.00239688117811723,0.020671291039783,0.000208691318965393
"2667","terrestrial1","oceania1",0.00905212990606286,0.00890627137649746,-0.254530912101543,1,1,0.999956867492758,0.999956867492758,0.0653091312391233,0.0653091312391233,0.563241962815925,0.00905212990606286
"2674","terrestrial1","frugivore1",0.00415688326147112,0.0107286063754942,-0.130255012105553,1,1,0.999956867492758,0.999956867492758,0.0339950348398842,0.0339950348398842,0.293181516671928,0.00415688326147112
"2676","terrestrial1","herbivore_aquatic1",0.00982157047362398,0.00871683698470545,-0.284746174746723,1,1,0.999956867492758,0.999956867492758,0.0702118676421083,0.0702118676421083,0.605524363797124,0.00982157047362398
"2679","terrestrial1","insessorial1",0,0.304641565020354,-0.527767488784903,0,0,0,0,0,0,0,0
"2680","terrestrial1","generalist1",0,0.105970594957809,-0.310707882539865,0,0,0,0,0,0,0,0
"2682","terrestrial1","aquatic1",1.54226887527642e-06,0.0298723878795284,-0.415679676539117,0.00481804796636354,0.00452039007343519,0.00452039007343519,0.00448183335155328,2.48352987956883e-05,2.48352987956883e-05,0.000214185706889695,1.54226887527642e-06
"2706","generalist1","woodland1",0.00295243958574343,0.0115371612550248,0.103811390291901,1,1,0.999956867492758,0.999956867492758,0.025777547476207,0.025777547476207,0.222311890567333,0.00295243958574343
"2729","generalist1","granivore1",0.000238751364578738,0.0175700218568765,0.145735464794037,0.745859262943978,0.680441389049403,0.680441389049403,0.641524916623069,0.00271221550161446,0.00271221550161446,0.0233908115714451,0.000238751364578738
"2735","generalist1","insessorial1",0,0.139525213347725,-0.269271348832811,0,0,0,0,0,0,0,0
"2736","generalist1","terrestrial1",2.74380518305861e-12,0.0621520306673692,-0.182237851419934,8.5716473918751e-09,8.21495271807748e-09,8.21495271807748e-09,8.19574608179607e-09,6.54324228387412e-11,6.54324228387412e-11,5.64305259804416e-10,2.74380518305861e-12
"2753","aerial1","Kipps_distance",6.75632882973787e-11,0.054391493594857,0.00124451960977717,2.11067712641011e-07,2.01271035837891e-07,2.01271035837891e-07,2.01271035837891e-07,1.44566926466446e-09,1.44566926466446e-09,1.24678062433708e-08,6.75632882973787e-11
"2754","aerial1","Hand_wing_index",0,0.111381517375295,0.00767331251510038,0,0,0,0,0,0,0,0
"2763","aerial1","marine1",0.0064536409580136,0.00969538265723361,0.143030910176135,1,1,0.999956867492758,0.999956867492758,0.0505292590296604,0.0505292590296604,0.435776720582852,0.0064536409580136
"2765","aerial1","coastal1",0.00740541129495464,0.00937390964091773,0.109956934529428,1,1,0.999956867492758,0.999956867492758,0.0561517108869862,0.0561517108869862,0.484266124129858,0.00740541129495464
"2783","aerial1","aquatic_predator1",3.57498452687732e-05,0.0221857023413748,0.132745711731089,0.111682516619647,0.103102553755142,0.103102553755142,0.101350811336972,0.000463412932031732,0.000463412932031732,0.00399658676328367,3.57498452687732e-05
"2791","aerial1","insessorial1",9.33770347710805e-08,0.0367427662097449,-0.103482367475747,0.000291709856624855,0.000276115891818085,0.000276115891818085,0.000274995367400832,1.73636819419557e-06,1.73636819419557e-06,1.49748650964138e-05,9.33770347710805e-08
"2792","aerial1","terrestrial1",0.00874945468457233,0.00898534025633789,-0.0533739086840609,1,1,0.999956867492758,0.999956867492758,0.0638796689054888,0.0638796689054888,0.550913929119997,0.00874945468457233
"2793","aerial1","generalist1",1.9479973190073e-12,0.0629792450179361,-0.153896264412435,6.08554362457881e-09,5.83619996774587e-09,5.83619996774587e-09,5.82256398651282e-09,4.71747567796807e-11,4.71747567796807e-11,4.06846670592887e-10,1.9479973190073e-12
"2794","aerial1","aquatic1",5.20268516757127e-05,0.0212711838920408,-0.195087404161612,0.162531884634926,0.149733279122701,0.149733279122701,0.146611668022158,0.000658023824432901,0.000658023824432901,0.00567495882154999,5.20268516757127e-05
"2808","aquatic1","Wing_length",0.00790609163361955,0.00922132881171555,-0.000191405790437546,1,1,0.999956867492758,0.999956867492758,0.058666580198165,0.058666580198165,0.505954973762042,0.00790609163361955
"2811","aquatic1","Tail_length",0.00703019306645114,0.00949531909132454,-0.000223108610564214,1,1,0.999956867492758,0.999956867492758,0.0540554852113795,0.0540554852113795,0.466187759870029,0.00703019306645114
"2816","aquatic1","wetland1",3.53389463030318e-05,0.0222138936637425,0.0614410397550403,0.110398868250671,0.102023537976853,0.102023537976853,0.100185912769095,0.000462109982251223,0.000462109982251223,0.00398534980486912,3.53389463030318e-05
"2819","aquatic1","marine1",8.51179729366436e-07,0.0313285189944134,0.189824872703133,0.00265908547454075,0.00249991486514922,0.00249991486514922,0.00248289127056189,1.41440716730891e-05,1.41440716730891e-05,0.000121981942497307,8.51179729366436e-07
"2844","aquatic1","herbivore_aquatic1",0,0.978991389024628,0.994116166237915,0,0,0,0,0,0,0,0
"2845","aquatic1","herbivore_terrestrial1",0.001596732835623,0.0129988225279326,-0.114451627936808,1,1,0.999956867492758,0.999956867492758,0.015161682001478,0.015161682001478,0.130758063506251,0.001596732835623
"2848","aquatic1","terrestrial1",4.84938450728833e-07,0.0327069655974427,-0.0748636153690908,0.00151494772007687,0.00142765879894568,0.00142765879894568,0.00141892990683257,8.36987690650207e-06,8.36987690650207e-06,7.2183870890658e-05,4.84938450728833e-07
"2849","aquatic1","generalist1",0.000111936659466849,0.0194071956438257,-0.0584847666342646,0.349690124174436,0.320250782734655,0.320250782734655,0.310064546723172,0.00132458380369105,0.00132458380369105,0.0114235355355363,0.000111936659466849
"2850","aquatic1","aerial1",0.000571404016289412,0.0154627747122883,-0.0882597200840016,1,1,0.999956867492758,0.999956867492758,0.00609237592794581,0.00609237592794581,0.052542143966127,0.000571404016289412
"2895","fTn","aquatic_predator1",0.000120435022810561,0.0192294442696359,0.0140292556568765,0.376239011260193,0.344444165238204,0.344444165238204,0.33276196802558,0.00141976985381205,0.00141976985381205,0.0122444433731639,0.000120435022810561
"2908","fTn","fCn",1.17623907551767e-05,0.0249000113262276,-0.399404984063409,0.036745708719172,0.0341697451437883,0.0341697451437883,0.0337227742950916,0.000167025948723509,0.000167025948723509,0.00144047273965061,1.17623907551767e-05
"2909","fTn","fAn",6.1304688347974e-07,0.0321325972933835,-0.219828498823016,0.00191515846399071,0.0018035839311974,0.0018035839311974,0.0017913229935278,1.04653467977634e-05,1.04653467977634e-05,9.02557170809606e-05,6.1304688347974e-07
"2910","fTn","fGn",0,0.510727954522658,-0.644866429865303,0,0,0,0,0,0,0,0
"2911","fTn","ghahSkew",6.5450019601343e-05,0.02071226020702,-0.0462163078100311,0.204465861234596,0.187907006275456,0.187907006275456,0.183456404942564,0.000804983705648014,0.000804983705648014,0.00694237687443645,6.5450019601343e-05
"2912","fTn","Stg_Sac",2.77999845366139e-13,0.067669590557425,0.16207459199078,8.68471516923818e-10,8.33721536253051e-10,8.33721536253051e-10,8.33443536407685e-10,6.89263108669697e-12,6.89263108669697e-12,5.94437406925976e-11,2.77999845366139e-13
"2951","fCn","aquatic_predator1",0.00228282802487456,0.0121475057907161,-0.0043921705228369,1,1,0.999956867492758,0.999956867492758,0.0208872586716499,0.0208872586716499,0.180136840727357,0.00228282802487456
"2959","fCn","insessorial1",0.00704243997472198,0.00949125307948803,0.00304580900266442,1,1,0.999956867492758,0.999956867492758,0.0540554852113795,0.0540554852113795,0.466187759870029,0.00704243997472198
"2964","fCn","fTn",7.06225604041322e-06,0.026147499747963,-0.0636941368218089,0.0220624878702509,0.0205864763578045,0.0205864763578045,0.020303986116188,0.000105059466048814,0.000105059466048814,0.000906058597733712,7.06225604041322e-06
"2965","fCn","fAn",1.37667655053519e-14,0.074870913467928,-0.132306776034069,4.30073754387193e-11,4.13278300470664e-11,4.13278300470664e-11,4.13140632815611e-11,3.49653458851377e-13,3.49653458851377e-13,3.0154971706445e-12,1.37667655053519e-14
"2967","fCn","ghahSkew",1.7222223536173e-07,0.0352433422037308,0.0237792284606295,0.000538022263270045,0.000508400038787827,0.000508400038787827,0.000505988927492763,3.1099552790176e-06,3.1099552790176e-06,2.68210169449367e-05,1.7222223536173e-07
"2968","fCn","Stg_Sac",2.61009924784616e-09,0.0454920520732808,-0.0523825250711312,8.1539500502714e-06,7.74155436911171e-06,7.74155436911171e-06,7.73894426986386e-06,5.12827047186881e-08,5.12827047186881e-08,4.42274620963878e-07,2.61009924784616e-09
"2979","fAn","Tail_length",0.0060963734305135,0.00982871046537033,-3.9114467188437e-05,1,1,0.999956867492758,0.999956867492758,0.0483377426317872,0.0483377426317872,0.416876545767146,0.0060963734305135
"3005","fAn","invertivore1",0.00361574617016336,0.0110577248423369,-0.00714981944061757,1,1,0.999956867492758,0.999956867492758,0.0302830858863012,0.0302830858863012,0.26116875865753,0.00361574617016336
"3008","fAn","omnivoretn1",7.92341515687411e-05,0.020247184021428,0.0102699108005116,0.247527489500747,0.227005844244443,0.227005844244443,0.221221751179925,0.000952028805772105,0.000952028805772105,0.00821052987609118,7.92341515687411e-05
"3020","fAn","fTn",5.75801462954217e-07,0.0322861697196753,-0.146481151431551,0.00179880377026897,0.00169458370547426,0.00169458370547426,0.00168364347767813,9.88353719928008e-06,9.88353719928008e-06,8.52380484331406e-05,5.75801462954217e-07
"3021","fAn","fCn",1.08801856413265e-14,0.075427806987416,-0.566762415071403,3.3989699943504e-11,3.26731974809035e-11,3.26731974809035e-11,3.26623172952622e-11,2.78604097897574e-13,2.78604097897574e-13,2.40275005915844e-12,1.08801856413265e-14
"3022","fAn","fGn",0,0.227637516316278,-0.351311340829014,0,0,0,0,0,0,0,0
"3023","fAn","ghahSkew",0,0.869488848203666,-0.244287017622554,0,0,0,0,0,0,0,0
"3024","fAn","Stg_Sac",0,0.776792886017149,-0.447617468378962,0,0,0,0,0,0,0,0
"3061","fGn","invertivore1",0.00528713788247481,0.0101627203966087,0.00930886909518425,1,1,0.999956867492758,0.999956867492758,0.0423513301150034,0.0423513301150034,0.365248256243072,0.00528713788247481
"3063","fGn","aquatic_predator1",0.00116586683430975,0.013750495391786,-0.0131260399248284,1,1,0.999956867492758,0.999956867492758,0.0115483130598661,0.0115483130598661,0.099595483688738,0.00116586683430975
"3076","fGn","fTn",0,0.510362136924297,-0.791029600481359,0,0,0,0,0,0,0,0
"3078","fGn","fAn",0,0.227054447916303,-0.647041535103504,0,0,0,0,0,0,0,0
"3079","fGn","ghahSkew",0,0.561004378597203,0.266464244191241,0,0,0,0,0,0,0,0
"3080","fGn","Stg_Sac",0,0.239847954828605,0.337925410116242,0,0,0,0,0,0,0,0
"3117","ghahSkew","invertivore1",0.00171257871036801,0.0128317468503841,0.0293992801813147,1,1,0.999956867492758,0.999956867492758,0.0160182511712265,0.0160182511712265,0.138145326072802,0.00171257871036801
"3120","ghahSkew","omnivoretn1",5.09971870146231e-05,0.0213198795981906,-0.040409541662322,0.159315212233683,0.1468209014151,0.1468209014151,0.143761070194223,0.000647622813958059,0.000647622813958059,0.00558525795669437,5.09971870146231e-05
"3132","ghahSkew","fTn",7.22431022113224e-05,0.0204719218792792,-0.445289972170258,0.225687451308171,0.207193217142073,0.207193217142073,0.202063956885069,0.000878096536756777,0.000878096536756777,0.00757291985854003,7.22431022113224e-05
"3133","ghahSkew","fCn",1.92833641943224e-07,0.0349664104129618,1.47484075166868,0.000602412297430632,0.000569052077374454,0.000569052077374454,0.000566159572745306,3.46213964040593e-06,3.46213964040593e-06,2.98583412396841e-05,1.92833641943224e-07
"3134","ghahSkew","fAn",0,0.869488848203666,-3.5592920846376,0,0,0,0,0,0,0,0
"3135","ghahSkew","fGn",0,0.561298180871467,2.10571062460934,0,0,0,0,0,0,0,0
"3136","ghahSkew","Stg_Sac",0,0.731238954448686,1.65803078397879,0,0,0,0,0,0,0,0
"3147","Stg_Sac","Tail_length",0.00991696015300914,0.00869441619590787,7.30864482831406e-05,1,1,0.999956867492758,0.999956867492758,0.0704104170863649,0.0704104170863649,0.607236702892398,0.00991696015300914
"3176","Stg_Sac","omnivoretn1",1.28432581014692e-07,0.0359620211394636,-0.026947540413063,0.000401223383089898,0.00037964670947943,0.00037964670947943,0.000377720220764209,2.37410285852011e-06,2.37410285852011e-06,2.04748452259111e-05,1.28432581014692e-07
"3178","Stg_Sac","frugivore1",0.00081867875703967,0.014598097222581,0.029283587663195,1,1,0.999956867492758,0.999956867492758,0.00841300143747345,0.00841300143747345,0.0725557874206896,0.00081867875703967
"3188","Stg_Sac","fTn",2.62456723021387e-13,0.0678097194995323,0.41794072942055,8.19914802718813e-10,7.87370169064161e-10,7.87370169064161e-10,7.86845255618118e-10,6.5593184217505e-12,6.5593184217505e-12,5.65691705356546e-11,2.62456723021387e-13
"3189","Stg_Sac","fCn",2.60105403881994e-09,0.0455005276459078,-0.866475101642308,8.12569281727349e-06,7.71732733317876e-06,7.71732733317876e-06,7.71212522510112e-06,5.12827047186881e-08,5.12827047186881e-08,4.42274620963878e-07,2.60105403881994e-09
"3190","Stg_Sac","fAn",0,0.776825568130581,-1.73538648865059,0,0,0,0,0,0,0,0
"3191","Stg_Sac","fGn",0,0.240456227316286,0.710267182900783,0,0,0,0,0,0,0,0
"3192","Stg_Sac","ghahSkew",0,0.731214394866409,0.440893731963274,0,0,0,0,0,0,0,0
