sampleID,position,reference_allele,ref_frequency,alternative_allele,alt_frequency
2,13827,A,0.965408805,G,0.034591195
3,5503,T,0.402702703,C,0.597297297
26,10754,A,0.024193548,C,0.975806452
26,13759,G,0.978991597,A,0.021008403
32,2701,G,0.713864307,A,0.286135693
32,13327,A,0.597560976,G,0.402439024
35,13711,G,0.968523002,A,0.031476998
43,3010,G,0.03196347,A,0.96803653
43,8410,C,0.028340081,T,0.971659919
43,11719,G,0.970588235,A,0.029411765
43,13194,G,0.070028011,A,0.929971989
44,15852,T,0.605170388,C,0.394829612
45,10907,T,0.93877551,C,0.06122449
46,16093,T,0.936467598,C,0.063532402
46,16150,C,0.969571231,T,0.030428769
48,16148,C,0.972081218,T,0.027918782
49,16093,T,0.023407022,C,0.976592978
50,2702,G,0.976190476,A,0.023809524
51,12798,C,0.922716628,T,0.077283372
52,5075,T,0.81387808,C,0.185473411
52,14034,T,0.628453039,C,0.371546961
53,9531,A,0.970731707,G,0.029268293
55,2695,G,0.846774194,A,0.153225806
60,16093,T,0.020295203,C,0.979704797
61,10490,T,0.7625,C,0.2375
62,9029,A,0.967213115,G,0.032786885
63,16093,T,0.025193798,C,0.974806202
63,16362,T,0.93956044,C,0.06043956
64,8723,G,0.431666667,A,0.568333333
67,14502,T,0.924705882,C,0.075294118
68,11931,T,0.966313763,C,0.033686237
71,11813,C,0.973162194,T,0.026837806
77,9050,G,0.951788491,A,0.048211509
82,7028,C,0.022321429,T,0.977678571
82,12684,G,0.973493976,A,0.026506024
84,11377,G,0.965863454,A,0.03313253
87,6676,T,0.965986395,C,0.034013605
88,9445,G,0.952380952,A,0.047619048
90,3083,T,0.904176904,C,0.095823096
90,3112,A,0.921615202,C,0.078384798
90,3116,C,0.93764988,T,0.06235012
91,11778,G,0.96835443,A,0.03164557
95,4235,C,0.952076677,T,0.047923323
96,4069,T,0.630733945,C,0.369266055
96,11914,G,0.767613039,A,0.232386961
98,8720,G,0.029363785,A,0.969004894
100,14587,A,0.744444444,G,0.255555556
101,14384,G,0.668456376,A,0.331543624
105,8387,G,0.964044944,A,0.035955056
106,16153,G,0.96,A,0.04
107,204,T,0.927659574,C,0.072340426
110,16175,A,0.022108844,G,0.977891156
112,15672,T,0.712105799,C,0.287894201
113,15012,T,0.976127321,C,0.023872679
114,7265,A,0.958100559,G,0.041899441
119,14063,T,0.975,C,0.025
120,16093,T,0.867243867,C,0.132756133
121,6371,C,0.796178344,T,0.203821656
121,8433,T,0.847701149,C,0.152298851
122,12684,G,0.962264151,A,0.037735849
124,16093,T,0.041493776,C,0.958506224
128,16093,T,0.022044088,C,0.977955912
129,11969,G,0.978971963,A,0.021028037
132,12952,G,0.960655738,A,0.039344262
135,16222,C,0.315436242,T,0.684563758
136,1438,A,0.979400749,G,0.020599251
136,4232,T,0.026392962,C,0.973607038
136,10810,T,0.033970276,C,0.966029724
136,16274,G,0.034722222,A,0.965277778
137,4216,T,0.024489796,C,0.975510204
137,14905,G,0.024509804,A,0.975490196
137,16126,T,0.0234375,C,0.9765625
138,2010,T,0.748055988,C,0.250388802
139,5004,T,0.02295082,C,0.97704918
139,13708,G,0.042857143,A,0.957142857
140,16093,T,0.022727273,C,0.977272727
140,16104,C,0.038461538,T,0.961538462
141,619,T,0.930921053,C,0.069078947
143,4221,C,0.958702065,T,0.041297935
145,12684,G,0.96969697,A,0.03030303
148,12684,G,0.970660147,A,0.029339853
149,11641,A,0.283093054,G,0.716906946
153,12775,G,0.96969697,A,0.03030303
154,12684,G,0.976945245,A,0.023054755
156,2882,T,0.447495961,G,0.552504039
156,3015,T,0.945205479,C,0.054794521
156,13722,A,0.977822581,G,0.022177419
156,16131,T,0.96875,C,0.03125
157,16124,T,0.732142857,C,0.267857143
158,4646,T,0.943502825,C,0.056497175
159,14209,A,0.764991896,G,0.235008104
160,7897,G,0.926624738,A,0.073375262
161,9352,C,0.889830508,T,0.110169492
162,3831,C,0.618257261,T,0.381742739
163,2887,T,0.918478261,C,0.081521739
163,8149,A,0.562318841,G,0.437681159
163,16124,T,0.972839506,C,0.027160494
164,16092,T,0.043209877,C,0.956790123
165,4727,A,0.021978022,G,0.978021978
165,11914,G,0.956632653,A,0.043367347
166,15776,A,0.375,T,0.625
166,15924,A,0.848017621,G,0.151982379
168,5697,A,0.976821192,G,0.023178808
168,9473,A,0.961275626,G,0.038724374
169,1945,A,0.96875,G,0.029166667
169,12940,G,0.953177258,A,0.046822742
170,8027,G,0.965884861,A,0.034115139
173,4209,T,0.9784689,C,0.0215311
174,14793,A,0.962655602,G,0.037344398
175,3238,G,0.931558935,A,0.068441065
175,15140,G,0.939790576,A,0.060209424
177,4081,T,0.88410596,C,0.112582781
177,4529,A,0.020920502,T,0.974895397
177,7028,C,0.043062201,T,0.956937799
177,8251,G,0.032967033,A,0.967032967
177,12501,G,0.032679739,A,0.967320261
177,15773,G,0.021008403,A,0.978991597
177,15924,A,0.020671835,G,0.979328165
177,16093,T,0.069672131,C,0.930327869
178,2831,G,0.929530201,A,0.070469799
178,15637,C,0.907894737,T,0.092105263
180,8994,G,0.893992933,A,0.106007067
182,4646,T,0.023166023,C,0.976833977
187,7245,A,0.422535211,G,0.577464789
188,7521,G,0.943693694,A,0.056306306
189,7109,C,0.021015762,T,0.978984238
190,1347,G,0.953874539,A,0.046125461
194,4597,T,0.968807339,C,0.029357798
194,15894,G,0.65045045,A,0.347747748
196,4746,T,0.977867203,C,0.022132797
197,11944,T,0.743852459,C,0.256147541
198,8269,G,0.972361809,A,0.027638191
198,16256,C,0.675496689,T,0.324503311
200,3010,G,0.020979021,A,0.979020979
200,7091,A,0.948644793,G,0.049928673
200,14766,C,0.022018349,T,0.977981651
200,14798,T,0.021097046,C,0.978902954
200,15904,C,0.977725674,T,0.022274326
200,15927,G,0.974477958,A,0.025522042
202,12234,A,0.676339286,G,0.323660714
204,2706,A,0.962962963,G,0.032921811
204,7930,A,0.058035714,T,0.928571429
204,10771,A,0.08490566,G,0.91509434
204,11485,T,0.953038674,C,0.044198895
204,16256,C,0.964444444,T,0.035555556
205,4500,T,0.941176471,C,0.058823529
205,5277,T,0.917602996,C,0.082397004
206,1844,A,0.965217391,G,0.034782609
206,16093,T,0.031531532,C,0.968468468
207,5585,G,0.02892562,A,0.97107438
207,6956,T,0.025236593,C,0.974763407
209,7943,T,0.966789668,C,0.033210332
210,2233,T,0.979591837,C,0.020408163
211,8556,T,0.964560863,C,0.033898305
211,16093,T,0.103864734,C,0.896135266
214,15314,G,0.972343523,A,0.027656477
219,4216,T,0.975265018,C,0.024734982
219,5066,C,0.023411371,T,0.976588629
219,6365,T,0.026431718,C,0.973568282
221,16155,A,0.95256917,G,0.04743083
222,3584,A,0.924924925,G,0.075075075
222,10007,T,0.596622889,C,0.403377111
223,482,T,0.9453125,C,0.0546875
224,10534,A,0.979919679,G,0.020080321
225,12508,G,0.977243995,A,0.022756005
227,16311,T,0.093406593,C,0.906593407
232,3535,T,0.950248756,C,0.049751244
234,9370,A,0.937106918,G,0.062893082
234,13695,C,0.766037736,T,0.233962264
235,12738,T,0.03038674,G,0.96961326
236,5591,G,0.947761194,A,0.052238806
237,7028,C,0.020547945,T,0.979452055
238,7935,T,0.978448276,C,0.021551724
241,2035,T,0.977324263,C,0.022675737
241,11812,A,0.744791667,G,0.255208333
242,12771,G,0.077669903,A,0.922330097
243,5468,C,0.970588235,A,0.029411765
247,16213,G,0.898167006,A,0.101832994
249,7293,G,0.975257732,A,0.024742268
250,5466,A,0.959938367,G,0.038520801
250,6918,C,0.957424714,T,0.042575286
251,12684,G,0.978125,A,0.021875
252,3308,T,0.953846154,C,0.046153846
252,13966,A,0.031468531,G,0.968531469
252,14470,T,0.033444816,C,0.966555184
252,14766,C,0.020172911,T,0.979827089
253,4394,C,0.773218143,T,0.226781857
253,16093,T,0.038095238,C,0.961904762
253,16261,C,0.925925926,T,0.074074074
254,12278,T,0.976406534,C,0.023593466
254,16192,C,0.70977918,T,0.287066246
257,12684,G,0.979220779,A,0.020779221
260,16221,C,0.366906475,A,0.633093525
271,2541,C,0.978779841,T,0.021220159
271,2559,T,0.970899471,C,0.029100529
271,2581,A,0.971590909,G,0.028409091
271,3083,T,0.694300518,C,0.305699482
271,3112,A,0.736,C,0.264
271,3116,C,0.766016713,T,0.233983287
271,3150,T,0.917888563,C,0.082111437
274,3992,C,0.025477707,T,0.974522293
281,16093,T,0.033500838,C,0.966499162
281,16264,C,0.815789474,T,0.184210526
286,16255,G,0.023364486,A,0.976635514
287,7028,C,0.025454545,T,0.974545455
287,9123,G,0.975935829,A,0.024064171
287,15904,C,0.022267206,T,0.977732794
292,12792,C,0.027131783,T,0.972868217
293,16093,T,0.029154519,C,0.970845481
296,8300,T,0.918079096,C,0.081920904
297,10197,G,0.930555556,A,0.06712963
302,6666,T,0.96011396,C,0.037037037
313,9489,G,0.92834891,A,0.07165109
321,7163,C,0.03030303,T,0.96969697
321,8697,G,0.975982533,A,0.024017467
321,12063,C,0.022494888,T,0.977505112
321,14494,T,0.724431818,C,0.275568182
321,14798,T,0.020408163,C,0.979591837
321,16145,G,0.908675799,A,0.091324201
323,3736,G,0.856287425,A,0.143712575
323,4227,A,0.976391231,G,0.023608769
323,15670,T,0.549578059,C,0.450421941
324,16092,T,0.022670025,C,0.977329975
327,6260,G,0.027888446,A,0.972111554
327,9142,G,0.564516129,A,0.435483871
327,12372,G,0.028056112,A,0.971943888
340,16217,T,0.936,C,0.064
343,3083,T,0.916010499,C,0.083989501
343,3112,A,0.927419355,C,0.072580645
343,3116,C,0.930107527,T,0.069892473
343,10510,T,0.970093458,C,0.028037383
344,16093,T,0.96875,C,0.03125
348,3814,G,0.965397924,A,0.034602076
348,6367,T,0.97833935,C,0.02166065
348,12684,G,0.978201635,A,0.021798365
354,11355,A,0.971264368,G,0.028735632
358,1586,G,0.971537002,A,0.028462998
358,1968,G,0.944761905,A,0.055238095
363,16093,T,0.035842294,C,0.964157706
365,14599,A,0.227436823,G,0.772563177
366,5237,G,0.038297872,A,0.961702128
366,6261,G,0.030927835,A,0.969072165
366,13708,G,0.022058824,A,0.977941176
368,14757,T,0.972881356,C,0.027118644
371,3915,G,0.968481375,A,0.031518625
371,6371,C,0.036912752,T,0.963087248
371,7028,C,0.027874564,T,0.972125436
371,8393,C,0.029900332,T,0.970099668
371,10532,A,0.027638191,G,0.972361809
371,11719,G,0.024523161,A,0.975476839
371,14470,T,0.020114943,C,0.979885057
371,14866,C,0.044444444,T,0.955555556
371,15927,G,0.022821577,A,0.977178423
371,16093,T,0.974719101,C,0.025280899
378,16093,T,0.037593985,C,0.962406015
381,9964,A,0.969289827,G,0.030710173
381,13367,G,0.958745875,A,0.041254125
381,16093,T,0.043147208,C,0.955583756
384,11653,A,0.851711027,G,0.148288973
385,2225,C,0.030418251,T,0.969581749
385,4143,A,0.022321429,G,0.977678571
385,9245,C,0.022304833,G,0.977695167
385,15326,A,0.978851964,G,0.021148036
391,11337,A,0.965811966,G,0.034188034
392,2523,C,0.928571429,T,0.071428571
392,2526,C,0.929618768,T,0.070381232
392,2541,C,0.920353982,T,0.076696165
392,2559,T,0.920588235,C,0.079411765
392,2581,A,0.923312883,G,0.076687117
392,3021,C,0.905660377,A,0.094339623
392,3027,T,0.885802469,C,0.114197531
392,3083,T,0.561538462,C,0.438461538
392,3112,A,0.602702703,C,0.394594595
392,3116,C,0.567164179,T,0.432835821
393,12064,C,0.938053097,T,0.061946903
396,14106,T,0.950920245,C,0.049079755
397,7028,C,0.020304569,T,0.979695431
398,3197,T,0.979651163,C,0.020348837
398,15043,G,0.020887728,A,0.979112272
400,6752,A,0.940414508,G,0.059585492
407,7091,A,0.928125,G,0.071875
407,9163,G,0.94984326,A,0.05015674
408,4080,T,0.899371069,C,0.100628931
410,7741,T,0.539923954,C,0.460076046
413,16093,T,0.054466231,C,0.945533769
417,16278,C,0.603448276,T,0.396551724
419,3083,T,0.975609756,C,0.024390244
419,9039,G,0.978609626,A,0.021390374
419,9078,T,0.038123167,C,0.961876833
419,10398,A,0.978461538,G,0.021538462
419,15646,C,0.042553191,T,0.957446809
420,2694,A,0.961218837,G,0.038781163
420,3394,T,0.188311688,C,0.811688312
420,4216,T,0.021428571,C,0.978571429
420,7293,G,0.975103734,A,0.024896266
420,12612,A,0.032183908,G,0.967816092
422,8557,G,0.265822785,A,0.725738397
422,8745,A,0.954081633,C,0.045918367
424,6261,G,0.876923077,C,0.123076923
426,12952,G,0.895140665,A,0.104859335
427,9449,C,0.931506849,T,0.068493151
427,10686,G,0.953545232,A,0.046454768
427,13879,T,0.856187291,C,0.143812709
427,15074,T,0.885630499,C,0.114369501
428,999,C,0.911111111,T,0.088888889
428,14178,T,0.977695167,C,0.022304833
429,7849,C,0.689814815,T,0.310185185
431,3826,T,0.021978022,C,0.978021978
431,6644,C,0.040625,T,0.959375
431,7028,C,0.0375,T,0.9625
432,7028,C,0.033898305,T,0.966101695
432,12684,G,0.963276836,A,0.036723164
434,1054,A,0.948207171,G,0.051792829
434,5469,A,0.759475219,G,0.240524781
434,12519,T,0.96107056,C,0.03892944
434,15584,A,0.937583001,G,0.061088977
434,15985,A,0.922875817,G,0.077124183
435,16192,C,0.536784741,T,0.463215259
436,7298,A,0.926121372,G,0.073878628
437,8271,A,0.949324324,G,0.050675676
437,16093,T,0.089552239,C,0.910447761
438,2542,G,0.974789916,A,0.025210084
439,9017,T,0.978583196,C,0.021416804
439,9370,A,0.973577236,G,0.026422764
440,12864,T,0.025,C,0.975
440,16093,T,0.964850615,C,0.035149385
441,1719,G,0.920096852,A,0.079903148
441,4561,T,0.026548673,C,0.973451327
441,7028,C,0.026755853,T,0.973244147
441,16093,T,0.030120482,C,0.969879518
442,620,T,0.969594595,C,0.030405405
442,16126,T,0.330120482,C,0.669879518
443,1616,A,0.941176471,G,0.058823529
443,3305,A,0.913043478,G,0.086956522
443,7926,G,0.974358974,A,0.025641026
444,5051,A,0.036842105,G,0.963157895
444,6253,T,0.044520548,C,0.955479452
444,11410,T,0.03163017,C,0.96836983
444,14953,C,0.032258065,T,0.967741935
444,16093,T,0.470588235,C,0.529411765
445,9380,G,0.083333333,A,0.916666667
445,9540,T,0.974789916,C,0.025210084
446,951,G,0.04,A,0.96
446,1438,A,0.96287703,G,0.03712297
446,4769,A,0.965217391,G,0.034782609
446,11635,C,0.041800643,T,0.958199357
448,4216,T,0.024390244,C,0.975609756
448,7217,A,0.96744186,T,0.03255814
448,15607,A,0.028639618,G,0.971360382
449,11884,A,0.937597504,G,0.062402496
451,7028,C,0.046511628,T,0.953488372
451,12810,A,0.027681661,G,0.972318339
453,7091,A,0.955137482,G,0.04341534
454,6734,G,0.025773196,A,0.974226804
457,14351,T,0.952727273,C,0.047272727
457,16093,T,0.073313783,C,0.926686217
465,5324,C,0.71319797,T,0.28680203
465,9071,C,0.708404803,T,0.291595197
465,13111,T,0.843317972,C,0.156682028
467,15172,G,0.904624277,A,0.095375723
474,14300,A,0.931372549,G,0.068627451
476,2551,G,0.970909091,A,0.029090909
481,4580,G,0.020833333,A,0.979166667
481,12685,T,0.955602537,C,0.044397463
484,12684,G,0.974358974,A,0.025641026
492,2706,A,0.976501305,G,0.023498695
492,6755,G,0.608465608,A,0.391534392
492,14766,C,0.977832512,T,0.022167488
492,14793,A,0.973493976,G,0.026506024
493,12148,T,0.966555184,C,0.031772575
494,2977,G,0.954446855,A,0.045553145
496,16093,T,0.034155598,C,0.963946869
498,2863,T,0.96779661,C,0.03220339
498,7446,C,0.973039216,T,0.026960784
503,2623,A,0.95256917,G,0.04743083
503,3451,T,0.953488372,C,0.046511628
504,13711,G,0.884615385,A,0.115384615
506,10364,G,0.976023976,A,0.023976024
509,3791,T,0.966666667,C,0.033333333
509,7028,C,0.055718475,T,0.944281525
509,7646,A,0.915137615,G,0.084862385
509,7789,G,0.087962963,A,0.888888889
509,11251,A,0.045454545,G,0.954545455
509,11377,G,0.028634361,A,0.971365639
509,11719,G,0.024875622,A,0.970149254
510,2706,A,0.025059666,G,0.974940334
510,4216,T,0.026345934,C,0.973654066
510,11582,A,0.024186047,G,0.975813953
510,13708,G,0.021028037,A,0.977803738
510,15452,C,0.021582734,A,0.978417266
510,16069,C,0.021803766,T,0.978196234
511,16154,T,0.969101124,C,0.030898876
512,943,G,0.97515528,A,0.02484472
513,15550,C,0.646884273,T,0.353115727
515,8943,C,0.228274968,T,0.771725032
516,11778,G,0.95821727,A,0.04178273
517,3146,G,0.971168437,A,0.027314112
517,15153,G,0.973735409,A,0.025291829
518,10978,A,0.345238095,G,0.654761905
519,4769,A,0.975609756,G,0.024390244
519,7028,C,0.972789116,T,0.027210884
519,12684,G,0.968058968,A,0.031941032
520,499,G,0.398268398,A,0.5995671
520,9150,A,0.026587888,G,0.973412112
521,16093,T,0.065217391,C,0.934782609
522,5237,G,0.893188854,A,0.106811146
522,7924,C,0.921895006,T,0.078104994
523,9525,G,0.972677596,A,0.027322404
523,16093,T,0.038834951,C,0.961165049
524,13976,A,0.971014493,G,0.026915114
525,16222,C,0.239193084,T,0.760806916
526,4258,A,0.955112219,C,0.044887781
526,13359,G,0.378548896,A,0.621451104
527,7964,T,0.949367089,C,0.050632911
528,1655,A,0.957968476,G,0.042031524
529,16093,T,0.027166882,C,0.972833118
530,12684,G,0.976676385,A,0.023323615
531,3202,T,0.97633873,C,0.02366127
531,16093,T,0.034615385,C,0.965384615
532,8116,A,0.974080268,G,0.025919732
533,12486,C,0.802401747,T,0.197598253
534,16092,T,0.164901664,C,0.835098336
535,16093,T,0.058962264,C,0.938679245
536,7028,C,0.03187251,T,0.96812749
537,746,A,0.941964286,G,0.058035714
537,16093,T,0.090069284,C,0.909930716
538,7028,C,0.021097046,T,0.978902954
539,10044,A,0.026595745,G,0.973404255
539,14365,C,0.028,T,0.972
539,14582,A,0.024911032,G,0.975088968
540,146,T,0.342960289,C,0.653429603
540,1474,G,0.951859956,A,0.047045952
540,2833,A,0.784667418,G,0.215332582
541,13154,T,0.972619048,C,0.027380952
542,10203,G,0.93064877,A,0.06935123
543,12684,G,0.972151899,A,0.027848101
543,13095,T,0.974431818,C,0.025568182
543,13707,G,0.973484848,A,0.026515152
544,14152,A,0.971014493,G,0.028985507
545,16220,A,0.910313901,G,0.089686099
546,16093,T,0.070294785,C,0.929705215
547,14861,G,0.777408638,A,0.222591362
548,13907,A,0.831223629,G,0.168776371
549,11251,A,0.020449898,G,0.979550102
549,11812,A,0.033707865,G,0.966292135
550,6544,A,0.959259259,G,0.040740741
551,9980,A,0.972170686,G,0.027829314
552,1316,T,0.648401826,C,0.351598174
552,7389,T,0.66180758,C,0.33819242
552,16231,T,0.977207977,A,0.022792023
553,3531,G,0.976019185,A,0.023980815
554,15153,G,0.955555556,A,0.044444444
555,2889,C,0.979910714,T,0.020089286
556,7598,G,0.965102286,A,0.034897714
557,3357,G,0.950276243,A,0.049723757
558,7080,T,0.03514377,C,0.96485623
558,11908,A,0.9275,G,0.07
559,3724,A,0.976470588,G,0.023529412
560,12684,G,0.970899471,A,0.029100529
562,1709,G,0.128205128,A,0.871794872
562,16258,A,0.888888889,G,0.111111111
563,12828,C,0.971311475,T,0.028688525
564,5585,G,0.496969697,A,0.501515152
565,7061,A,0.972157773,G,0.027842227
565,10554,T,0.936,C,0.064
566,1187,T,0.961538462,C,0.038461538
567,8189,G,0.849765258,A,0.150234742
569,861,T,0.605504587,C,0.394495413
569,12684,G,0.972307692,A,0.027692308
570,8167,T,0.939393939,C,0.060606061
571,1822,T,0.917286245,C,0.082713755
571,9838,G,0.920668058,C,0.079331942
572,15519,T,0.335897436,C,0.664102564
573,15141,T,0.954653938,C,0.045346062
574,14541,T,0.562200957,C,0.437799043
575,16093,T,0.038901602,C,0.961098398
576,11965,C,0.830015314,T,0.169984686
576,13466,G,0.92114094,A,0.07885906
577,16093,T,0.057065217,C,0.942934783
578,1932,G,0.953878407,A,0.046121593
578,8806,C,0.882191781,T,0.117808219
580,16167,C,0.958139535,T,0.041860465
581,16093,T,0.065281899,C,0.934718101
582,4451,T,0.974358974,C,0.025641026
582,10972,A,0.979228487,G,0.020771513
582,11339,T,0.950226244,C,0.049773756
583,12378,C,0.708818636,T,0.291181364
584,1945,A,0.968668407,C,0.031331593
584,16292,C,0.904605263,T,0.095394737
585,7742,A,0.952522255,G,0.047477745
585,15001,T,0.97005988,C,0.02994012
586,12813,C,0.98,T,0.02
587,1347,G,0.962962963,A,0.037037037
587,2436,G,0.892508143,A,0.107491857
587,7080,T,0.966233766,C,0.031168831
587,12126,G,0.944297082,A,0.053050398
587,13759,G,0.91954023,A,0.08045977
587,13878,A,0.974576271,G,0.025423729
588,2425,A,0.97492163,G,0.021943574
589,14749,G,0.864285714,A,0.135714286
589,16093,T,0.032136106,C,0.967863894
590,12523,A,0.972324723,G,0.027675277
592,9182,G,0.588235294,A,0.408088235
593,12684,G,0.977083333,A,0.020833333
594,7299,A,0.604606526,G,0.395393474
595,16154,T,0.883673469,C,0.116326531
596,3276,A,0.951672862,G,0.048327138
596,12684,G,0.973607038,A,0.023460411
597,12684,G,0.976878613,A,0.021194605
597,16192,C,0.023391813,T,0.976608187
598,9752,C,0.933333333,T,0.066666667
598,15314,G,0.944700461,A,0.055299539
599,4014,C,0.908136483,T,0.091863517
600,152,T,0.919093851,C,0.080906149
601,3460,G,0.913793103,A,0.082758621
602,15953,A,0.966183575,G,0.033816425
603,4560,G,0.974576271,A,0.025423729
603,6798,G,0.970588235,A,0.029411765
603,8384,A,0.976027397,G,0.023972603
604,1716,T,0.976368159,C,0.023631841
604,10256,T,0.93003413,C,0.068259386
605,12684,G,0.978723404,A,0.021276596
606,14687,A,0.034313725,G,0.965686275
606,15431,G,0.970338983,A,0.029661017
607,8473,T,0.945175439,C,0.054824561
608,10233,G,0.966587112,A,0.031026253
609,13135,G,0.972318339,A,0.027681661
610,14417,A,0.973365617,G,0.026634383
611,16093,T,0.104095563,C,0.895904437
612,3421,G,0.974910394,A,0.025089606
612,5480,A,0.978328173,G,0.021671827
612,6327,T,0.958506224,C,0.041493776
612,13708,G,0.023529412,A,0.976470588
613,11969,G,0.29047619,A,0.70952381
614,13263,A,0.979550102,G,0.020449898
614,16192,C,0.526932084,T,0.473067916
615,2339,G,0.977309562,A,0.022690438
616,5442,T,0.877437326,C,0.122562674
617,3343,A,0.9,G,0.1
619,8290,G,0.965931864,A,0.034068136
620,13419,A,0.343283582,G,0.656716418
621,7740,A,0.971893491,G,0.028106509
622,7766,A,0.964071856,G,0.035928144
623,16222,C,0.020408163,T,0.971428571
624,10351,T,0.975546976,C,0.024453024
625,13279,G,0.977485929,A,0.022514071
626,10143,G,0.168900804,A,0.831099196
627,13376,T,0.838461538,C,0.161538462
627,15737,G,0.729619565,A,0.270380435
628,12684,G,0.973747017,A,0.026252983
629,12247,T,0.951550388,C,0.048449612
629,12684,G,0.977818854,A,0.022181146
630,1212,T,0.883783784,C,0.116216216
631,13105,A,0.967741935,G,0.032258065
632,8636,T,0.97754491,C,0.02245509
633,7028,C,0.025423729,T,0.974576271
633,9698,T,0.020100503,C,0.979899497
633,16093,T,0.5,C,0.5
634,574,A,0.9669967,G,0.0330033
634,9531,A,0.92893401,G,0.07106599
635,14299,T,0.978622328,C,0.021377672
636,1415,G,0.889473684,A,0.110526316
637,6524,T,0.037344398,C,0.962655602
638,2274,A,0.97414966,G,0.02585034
638,7923,A,0.975530179,T,0.024469821
638,16066,A,0.92892562,G,0.07107438
639,15900,T,0.929123711,C,0.070876289
640,6776,T,0.023166023,C,0.972972973
640,8376,T,0.964143426,C,0.035856574
640,15507,A,0.859756098,G,0.140243902
641,16093,T,0.029220779,C,0.970779221
642,8721,A,0.973045822,G,0.026954178
642,16093,T,0.0375,C,0.961363636
644,1719,G,0.671399594,A,0.328600406
644,8843,T,0.739622642,C,0.260377358
645,8010,T,0.108552632,C,0.891447368
645,12684,G,0.966329966,A,0.03030303
646,14470,T,0.966346154,C,0.03125
647,16092,T,0.138562092,C,0.861437908
648,16176,C,0.942731278,T,0.057268722
649,13401,T,0.544061303,C,0.455938697
650,12684,G,0.965053763,A,0.034946237
651,14034,T,0.966257669,C,0.030674847
652,5917,G,0.957020057,A,0.042979943
653,11050,T,0.832951945,C,0.167048055
653,15629,T,0.157777778,C,0.842222222
654,13105,A,0.976744186,G,0.023255814
654,15191,T,0.152542373,C,0.847457627
655,5874,T,0.961693548,C,0.038306452
656,2233,T,0.945113788,C,0.052208835
656,15792,T,0.956586826,C,0.043413174
657,9804,G,0.961538462,A,0.038461538
658,961,T,0.857627119,C,0.142372881
659,6261,G,0.622222222,A,0.377777778
660,1949,G,0.637059724,A,0.361408882
660,4960,C,0.021959459,T,0.978040541
662,7069,T,0.976887519,C,0.023112481
662,8951,T,0.972677596,C,0.027322404
663,5067,A,0.783783784,G,0.216216216
663,7000,T,0.971530249,C,0.028469751
663,12612,A,0.023188406,G,0.976811594
663,14070,A,0.96735905,G,0.03264095
664,4580,G,0.950854701,A,0.049145299
666,9189,C,0.970731707,T,0.029268293
666,11719,G,0.972318339,A,0.027681661
666,14097,C,0.023346304,T,0.976653696
667,2242,T,0.921182266,C,0.078817734
668,5112,G,0.977777778,A,0.022222222
668,12738,T,0.025210084,G,0.974789916
668,15743,C,0.823529412,A,0.176470588
669,15287,T,0.817777778,C,0.182222222
670,16093,T,0.322695035,C,0.677304965
671,13327,A,0.679697352,G,0.320302648
672,9911,C,0.969387755,A,0.030612245
674,3849,G,0.02166065,A,0.97833935
674,16092,T,0.022321429,C,0.977678571
675,2366,G,0.958710977,A,0.041289023
676,9380,G,0.940751445,A,0.059248555
676,16256,C,0.795665635,T,0.204334365
677,2844,G,0.976307996,A,0.023692004
678,11778,G,0.856012658,A,0.143987342
678,16093,T,0.046548957,C,0.953451043
679,16092,T,0.1184,C,0.8816
680,16093,T,0.020761246,C,0.979238754
681,14182,T,0.975757576,C,0.024242424
681,14723,T,0.978851964,C,0.021148036
682,14985,G,0.972125436,A,0.027874564
683,16093,T,0.026755853,C,0.973244147
684,8939,T,0.730375427,C,0.269624573
685,195,T,0.545098039,C,0.454901961
685,10400,C,0.975285171,T,0.024714829
686,16074,A,0.974522293,G,0.025477707
687,3892,A,0.616361072,G,0.383638928
688,6896,T,0.475352113,C,0.524647887
688,12853,C,0.948616601,T,0.051383399
688,14393,A,0.978417266,G,0.021582734
689,1368,T,0.978197674,C,0.021802326
690,16192,C,0.046321526,T,0.953678474
690,16286,C,0.753424658,T,0.246575342
691,16124,T,0.973493976,C,0.026506024
692,11782,C,0.635054022,T,0.364945978
693,3336,T,0.975409836,C,0.024590164
694,15618,T,0.937411095,C,0.062588905
695,16093,T,0.026865672,C,0.972139303
696,10352,A,0.936102236,G,0.063897764
697,11653,A,0.550239234,G,0.449760766
698,12192,G,0.69027611,A,0.30972389
700,5985,G,0.943319838,A,0.056680162
710,7444,G,0.912280702,A,0.085213033
710,12803,G,0.976501305,A,0.023498695
710,15497,G,0.943478261,A,0.056521739
711,385,A,0.965357968,G,0.034642032
713,7800,T,0.972375691,C,0.027624309
713,11931,T,0.813842482,C,0.186157518
713,16102,T,0.965197216,C,0.034802784
714,16428,G,0.02690583,A,0.97309417
717,7337,G,0.958158996,A,0.041841004
717,12684,G,0.962809917,A,0.037190083
718,1961,A,0.93083004,G,0.06916996
718,7403,A,0.963800905,C,0.036199095
718,12441,T,0.975352113,C,0.022887324
719,1081,T,0.960848287,C,0.039151713
720,16093,T,0.053763441,C,0.946236559
722,4820,G,0.811403509,A,0.188596491
723,13759,G,0.966442953,A,0.033557047
725,15773,G,0.97133758,A,0.027070064
728,7270,T,0.967581047,C,0.032418953
730,9801,G,0.930348259,T,0.069651741
730,9941,A,0.966824645,G,0.030805687
732,12654,A,0.027247956,G,0.972752044
732,12684,G,0.974811083,A,0.025188917
732,15693,T,0.977142857,C,0.02
732,16093,T,0.024691358,C,0.975308642
733,5466,A,0.974264706,G,0.025735294
733,16185,C,0.942028986,T,0.057971014
734,12684,G,0.978658537,A,0.021341463
737,4435,A,0.970731707,G,0.029268293
737,14605,A,0.90726817,G,0.09273183
738,4146,C,0.746666667,T,0.253333333
738,16093,T,0.023728814,C,0.976271186
739,10306,A,0.957446809,C,0.042553191
740,3521,T,0.969325153,C,0.030674847
742,6419,A,0.954545455,C,0.045454545
742,12684,G,0.976315789,A,0.023684211
742,16368,T,0.9775,C,0.02
742,16399,A,0.972727273,G,0.027272727
742,16444,C,0.964412811,T,0.035587189
1,10306,A,0.954716981,C,0.045283019
4,12684,G,0.971014493,A,0.028985507
5,16232,C,0.943005181,A,0.056994819
6,12957,T,0.04057971,C,0.95942029
6,13105,A,0.97721519,G,0.020253165
7,16399,A,0.972049689,G,0.027950311
8,12684,G,0.97983871,A,0.02016129
8,13062,A,0.976804124,G,0.023195876
9,12612,A,0.022630835,G,0.977369165
9,12684,G,0.979827089,A,0.020172911
10,204,T,0.963898917,C,0.036101083
10,5495,T,0.020050125,C,0.979949875
10,10306,A,0.936363636,C,0.063636364
10,16093,T,0.623255814,C,0.376744186
11,11841,T,0.976190476,C,0.023809524
12,16218,C,0.979591837,T,0.020408163
12,16224,T,0.022099448,C,0.977900552
12,16399,A,0.975510204,G,0.024489796
13,12684,G,0.977366255,A,0.022633745
14,152,T,0.282945736,C,0.717054264
14,12612,A,0.020599251,G,0.979400749
14,12684,G,0.977818854,A,0.022181146
15,12684,G,0.97382199,A,0.02617801
16,1189,T,0.9437751,A,0.052208835
16,16311,T,0.945454545,C,0.054545455
17,13194,G,0.950468541,A,0.048192771
18,12633,C,0.021594684,A,0.978405316
18,12684,G,0.974533107,A,0.0237691
19,6419,A,0.927419355,C,0.072580645
20,4360,G,0.952830189,A,0.047169811
21,7168,A,0.96592845,G,0.03407155
22,7193,T,0.763157895,C,0.236842105
23,12684,G,0.956022945,A,0.043977055
23,13062,A,0.973568282,G,0.026431718
24,12684,G,0.977876106,A,0.022123894
24,13062,A,0.979112272,G,0.020887728
24,16092,T,0.035242291,C,0.964757709
25,12684,G,0.974264706,A,0.025735294
27,5074,T,0.905154639,C,0.094845361
27,16496,G,0.97826087,A,0.02173913
28,1586,G,0.959259259,A,0.038888889
28,16093,T,0.031620553,C,0.966403162
29,13062,A,0.977973568,G,0.022026432
29,13095,T,0.973947896,C,0.026052104
29,13105,A,0.972332016,G,0.027667984
30,189,A,0.842592593,G,0.157407407
30,195,T,0.963800905,C,0.036199095
30,6651,G,0.963123644,A,0.036876356
31,3243,A,0.973140496,G,0.026859504
33,200,A,0.964876033,G,0.035123967
33,16093,T,0.255667506,C,0.743073048
34,198,C,0.916955017,T,0.083044983
36,182,C,0.962566845,T,0.037433155
37,3010,G,0.950511945,A,0.049488055
38,16391,G,0.027888446,A,0.972111554
39,16086,T,0.052192067,C,0.947807933
40,2649,T,0.935714286,C,0.0625
41,234,A,0.851851852,G,0.148148148
42,9118,C,0.433224756,A,0.566775244
47,7379,G,0.612323492,A,0.386392811
54,114,C,0.04368932,T,0.95631068
54,7379,G,0.939344262,A,0.060655738
54,16093,T,0.029478458,C,0.970521542
56,7299,A,0.020661157,G,0.979338843
56,12308,A,0.020467836,G,0.978557505
57,12816,C,0.452830189,T,0.547169811
58,16093,T,0.04806992,C,0.95193008
59,2275,T,0.970355731,C,0.028326746
65,9714,G,0.965450525,A,0.034549475
65,16172,T,0.978154642,C,0.020983041
66,185,G,0.040192926,A,0.959807074
66,15355,G,0.925020375,A,0.074979625
69,14197,T,0.817262306,C,0.182737694
70,146,T,0.949675325,C,0.050324675
70,12161,T,0.950158228,C,0.049050633
72,1542,T,0.585101956,C,0.414065751
72,16093,T,0.890030441,C,0.109589041
73,183,A,0.977011494,G,0.022988506
73,1813,C,0.615853659,T,0.382113821
74,185,G,0.122516556,A,0.877483444
75,1640,A,0.938235294,G,0.061764706
76,11778,G,0.978363384,A,0.021081831
76,16124,T,0.964758877,C,0.034976153
78,204,T,0.928947368,C,0.071052632
79,3083,T,0.975845411,C,0.024154589
79,3116,C,0.970358814,T,0.028081123
80,152,T,0.537555228,C,0.462444772
80,7188,C,0.897196262,T,0.102803738
81,384,A,0.969040248,G,0.030959752
81,6053,C,0.932784636,T,0.065843621
83,6521,C,0.620889749,T,0.379110251
83,7058,T,0.975,C,0.025
85,2093,T,0.939886271,C,0.060113729
85,15172,G,0.972947761,A,0.027052239
86,2269,G,0.979260595,A,0.020739405
89,9083,T,0.875486381,C,0.124027237
92,1219,T,0.974867725,C,0.025132275
93,8959,G,0.518904824,A,0.481095176
94,3593,T,0.917030568,C,0.082969432
97,16304,T,0.150525088,C,0.849474912
99,185,G,0.040156709,A,0.959843291
99,6515,T,0.092097445,C,0.907902555
99,12501,G,0.95704163,A,0.04295837
102,6718,G,0.956388676,C,0.042846213
103,10586,G,0.965588084,A,0.034411916
104,6367,T,0.020930233,C,0.979069767
104,7325,A,0.975717439,G,0.024282561
108,15541,T,0.921132457,C,0.078867543
109,1415,G,0.876712329,A,0.121917808
109,8251,G,0.046838407,A,0.953161593
109,9010,G,0.973004695,A,0.026995305
109,16131,T,0.725036179,C,0.274963821
111,15792,T,0.86682243,C,0.132593458
115,1146,C,0.950437318,G,0.04664723
116,15997,T,0.973657548,C,0.026342452
116,16391,G,0.020109689,A,0.979890311
117,64,C,0.970779221,T,0.029220779
118,5004,T,0.020100503,C,0.979899497
118,8107,A,0.955246914,T,0.043209877
123,12612,A,0.027863777,G,0.970588235
123,12684,G,0.96763754,A,0.03236246
125,709,G,0.877777778,A,0.122222222
125,12684,G,0.978823529,A,0.021176471
126,9468,A,0.317702227,G,0.682297773
126,16235,A,0.021065675,G,0.978934325
127,1189,T,0.916977612,C,0.083022388
127,10913,T,0.928571429,C,0.07102502
130,12007,G,0.692389006,A,0.307610994
131,12684,G,0.963380282,A,0.036619718
133,16039,G,0.916243655,A,0.081218274
134,4491,G,0.865168539,A,0.134831461
142,5600,A,0.143274854,G,0.856725146
144,6248,T,0.948497854,C,0.051502146
146,16093,T,0.060294118,C,0.939705882
146,16148,C,0.977941176,T,0.022058824
147,16368,T,0.977375566,C,0.022624434
150,13105,A,0.979643766,G,0.020356234
150,15154,C,0.96011396,T,0.037037037
150,16093,T,0.065217391,C,0.934782609
151,9163,G,0.940298507,A,0.059701493
151,16256,C,0.97254902,T,0.02745098
152,533,A,0.87987013,T,0.12012987
152,14364,G,0.854271357,A,0.145728643
155,12007,G,0.777003484,A,0.222996516
167,195,T,0.968,C,0.032
171,16093,T,0.033149171,C,0.965745856
172,16298,T,0.87826087,C,0.12173913
176,15579,A,0.954710145,T,0.045289855
179,146,T,0.901869159,C,0.098130841
179,215,A,0.850694444,G,0.149305556
181,2953,T,0.901197605,C,0.098802395
181,7028,C,0.022304833,T,0.977695167
183,16093,T,0.083798883,C,0.916201117
184,4216,T,0.974358974,C,0.025641026
185,16092,T,0.039506173,C,0.960493827
186,5187,C,0.975717439,T,0.024282561
186,13604,G,0.941176471,C,0.058823529
191,12684,G,0.961363636,A,0.038636364
191,16086,T,0.949333333,C,0.050666667
192,5814,T,0.974235105,C,0.025764895
193,16181,A,0.626736111,G,0.372395833
193,16256,C,0.963001028,T,0.036998972
195,7797,T,0.906542056,C,0.093457944
199,16213,G,0.486818981,A,0.513181019
201,12684,G,0.977272727,A,0.022727273
201,12693,A,0.02862254,G,0.97137746
201,16093,T,0.039106145,C,0.960893855
203,16390,G,0.976247031,A,0.023752969
203,16399,A,0.979643766,G,0.020356234
208,16093,T,0.064060803,C,0.935939197
212,7166,A,0.596752368,G,0.401894452
213,16093,T,0.121472393,C,0.878527607
215,6620,T,0.933633296,C,0.066366704
216,6570,G,0.978723404,T,0.021276596
217,497,C,0.975582686,T,0.024417314
218,9122,T,0.975336323,C,0.022421525
218,9801,G,0.960573477,T,0.039426523
220,12684,G,0.975609756,A,0.024390244
226,7310,T,0.82278481,C,0.17721519
228,9738,G,0.934936351,A,0.063649222
229,12684,G,0.974647887,A,0.023943662
230,12597,A,0.968137255,G,0.031862745
231,9645,G,0.957446809,A,0.042553191
231,16266,C,0.903089888,T,0.095505618
233,3480,A,0.023364486,G,0.976635514
233,4560,G,0.974358974,A,0.025641026
239,4659,G,0.81097561,A,0.18902439
239,14560,G,0.558282209,A,0.441717791
240,9801,G,0.953846154,T,0.046153846
244,8901,A,0.546925566,G,0.453074434
245,5004,T,0.948419301,C,0.051580699
246,2573,G,0.978861789,A,0.021138211
248,15468,C,0.366602687,T,0.633397313
255,12684,G,0.975,A,0.025
255,16124,T,0.958100559,C,0.041899441
256,9811,G,0.978378378,A,0.021621622
258,6899,G,0.021447721,A,0.978552279
259,15916,T,0.814977974,C,0.185022026
261,12612,A,0.02621232,G,0.97378768
261,12684,G,0.968834688,A,0.031165312
262,1664,G,0.787234043,A,0.212765957
262,12519,T,0.022082019,C,0.977917981
263,4580,G,0.020565553,A,0.979434447
264,373,A,0.463178295,G,0.536821705
265,2411,T,0.937131631,C,0.062868369
266,4646,T,0.023498695,C,0.976501305
266,12822,A,0.974619289,G,0.02284264
267,3695,T,0.971698113,C,0.028301887
268,5460,G,0.573770492,A,0.426229508
269,204,T,0.973333333,C,0.026666667
269,207,G,0.97704918,A,0.02295082
269,2926,A,0.964135021,G,0.033755274
269,12684,G,0.97733711,A,0.02266289
270,2026,A,0.930232558,G,0.069767442
270,12684,G,0.976351351,A,0.023648649
272,9988,C,0.962616822,A,0.037383178
273,153,A,0.02955665,G,0.97044335
275,146,T,0.76,C,0.24
275,13671,A,0.771084337,G,0.228915663
276,12622,G,0.976744186,A,0.023255814
277,8922,C,0.978021978,T,0.021978022
277,13965,T,0.979368932,C,0.020631068
277,16126,T,0.971473851,C,0.025356577
277,16178,T,0.079166667,C,0.920833333
277,16256,C,0.977443609,T,0.022556391
278,9178,G,0.908386187,A,0.091613813
279,3882,G,0.025270758,A,0.974729242
279,12684,G,0.973727422,A,0.026272578
279,16296,C,0.030612245,T,0.969387755
279,16391,G,0.973809524,A,0.026190476
280,12501,G,0.020634921,A,0.979365079
280,12822,A,0.021052632,G,0.978947368
282,152,T,0.886178862,C,0.113821138
282,5442,T,0.977346278,C,0.022653722
282,12097,C,0.979104478,A,0.020895522
283,12642,A,0.023480663,G,0.975138122
284,379,A,0.88267148,T,0.11732852
284,12684,G,0.977886978,A,0.022113022
284,16172,T,0.902147971,C,0.097852029
285,6293,T,0.839430894,C,0.158536585
285,12741,C,0.030828516,T,0.969171484
285,16296,C,0.023465704,T,0.976534296
285,16324,T,0.021084337,C,0.978915663
288,4216,T,0.978723404,C,0.021276596
288,6272,A,0.035587189,G,0.964412811
289,6734,G,0.023284314,A,0.975490196
290,16192,C,0.049056604,T,0.950943396
291,13662,C,0.962099125,T,0.037900875
294,234,A,0.968627451,G,0.031372549
294,13062,A,0.975871314,G,0.021447721
295,16311,T,0.970319635,C,0.029680365
298,8539,C,0.507978723,T,0.492021277
299,1146,C,0.957671958,G,0.03968254
299,12684,G,0.977886978,A,0.022113022
300,204,T,0.971518987,C,0.026898734
300,2984,A,0.949152542,G,0.048239896
301,10306,A,0.932153392,C,0.067846608
301,14577,T,0.712952159,C,0.28588098
303,2735,G,0.978333333,A,0.021666667
303,13813,G,0.849117175,A,0.150882825
304,1189,T,0.650557621,C,0.349442379
304,13062,A,0.978666667,G,0.021333333
304,13105,A,0.974576271,G,0.025423729
305,3565,A,0.962536023,G,0.034582133
306,15002,G,0.934386391,A,0.065613609
307,431,C,0.593984962,T,0.406015038
307,9069,A,0.979407979,G,0.020592021
308,10361,T,0.914847162,C,0.085152838
309,16213,G,0.563432836,A,0.436567164
310,318,T,0.056603774,C,0.943396226
310,1146,C,0.956666667,G,0.043333333
310,16311,T,0.934911243,C,0.065088757
311,4232,T,0.318718381,C,0.681281619
311,14552,A,0.682897862,G,0.317102138
312,9355,A,0.946428571,G,0.053571429
312,12684,G,0.959183673,A,0.040816327
314,16169,C,0.76247505,T,0.23752495
315,2626,T,0.033707865,C,0.966292135
315,2706,A,0.97498213,G,0.02501787
315,8020,G,0.03,A,0.969444444
315,16093,T,0.058338244,C,0.941661756
315,16304,T,0.034997131,C,0.963855422
316,204,T,0.957006369,C,0.041401274
317,5919,T,0.973333333,C,0.026666667
318,6869,C,0.023529412,T,0.976470588
318,8839,G,0.967551622,A,0.029498525
318,16220,A,0.803339518,G,0.196660482
318,16362,T,0.026954178,C,0.967654987
319,16126,T,0.961904762,C,0.038095238
320,16093,T,0.067209776,C,0.930753564
322,4675,T,0.979710145,C,0.020289855
325,10750,A,0.904422254,G,0.095577746
325,16189,T,0.963054187,C,0.033251232
326,14569,G,0.027058824,A,0.972941176
328,6221,T,0.032520325,C,0.967479675
328,8226,T,0.940191388,C,0.059808612
328,16111,C,0.021220159,T,0.978779841
329,12684,G,0.975778547,A,0.024221453
330,3118,T,0.942226891,C,0.057773109
330,7298,A,0.926038501,G,0.072948328
330,14152,A,0.923275862,G,0.076724138
331,12684,G,0.972644377,A,0.027355623
332,16093,T,0.02502157,C,0.97497843
333,12684,G,0.974248927,A,0.025751073
333,13062,A,0.974025974,G,0.025974026
334,15584,A,0.979710145,G,0.020289855
335,8610,T,0.955119215,C,0.043478261
335,16093,T,0.035005834,C,0.964994166
336,12684,G,0.973913043,A,0.026086957
337,7138,T,0.966960352,C,0.033039648
337,12633,C,0.023809524,A,0.976190476
337,12684,G,0.978723404,A,0.021276596
337,16309,A,0.028132992,G,0.971867008
338,3397,A,0.972860125,G,0.027139875
338,12684,G,0.979002625,A,0.020997375
338,16093,T,0.070559611,C,0.927007299
339,12684,G,0.973684211,A,0.026315789
341,12612,A,0.020435967,G,0.978201635
342,185,G,0.125730994,A,0.874269006
342,16519,T,0.979411765,C,0.020588235
345,532,A,0.588235294,G,0.411764706
345,7904,A,0.965517241,G,0.034482759
346,16305,A,0.975452196,G,0.024547804
347,16017,T,0.967450271,C,0.03074141
349,3834,G,0.194029851,A,0.805970149
349,5196,T,0.863057325,C,0.136942675
350,16390,G,0.972318339,A,0.027681661
350,16399,A,0.974169742,G,0.025830258
351,16093,T,0.044897959,C,0.952380952
352,16093,T,0.052713178,C,0.947286822
353,16189,T,0.641104294,C,0.355828221
355,1767,G,0.979495268,C,0.020504732
355,4973,T,0.611214953,C,0.388785047
355,16390,G,0.975336323,A,0.024663677
355,16399,A,0.9784689,G,0.0215311
356,622,G,0.97037037,A,0.028148148
357,8251,G,0.020881671,A,0.979118329
357,16496,G,0.969162996,A,0.026431718
357,16527,C,0.974576271,T,0.025423729
359,15745,C,0.835443038,T,0.162447257
360,12587,A,0.965079365,G,0.034920635
361,9833,T,0.279236277,C,0.720763723
361,12035,A,0.951830443,G,0.046242775
361,12684,G,0.97265625,A,0.02734375
361,14755,A,0.926275992,C,0.073724008
362,1311,C,0.888888889,T,0.111111111
364,1146,C,0.970967742,G,0.029032258
364,6716,A,0.94548552,G,0.05451448
364,12684,G,0.978768577,A,0.021231423
367,2755,A,0.024271845,G,0.975728155
367,9149,T,0.028,C,0.972
367,9477,G,0.027149321,A,0.972850679
367,14182,T,0.02283105,C,0.97716895
369,8430,T,0.907582938,C,0.092417062
370,4560,G,0.975088968,A,0.024911032
370,16260,C,0.977272727,T,0.020454545
372,16093,T,0.086705202,C,0.913294798
373,15541,T,0.954853273,C,0.045146727
374,16192,C,0.039513678,T,0.960486322
375,12612,A,0.027659574,G,0.972340426
375,14577,T,0.968365554,C,0.031634446
376,874,G,0.919847328,A,0.080152672
376,1730,T,0.9,C,0.1
376,3715,G,0.914937759,A,0.085062241
376,11608,A,0.9695586,G,0.0304414
376,12596,T,0.97414966,C,0.02585034
376,15287,T,0.936666667,C,0.063333333
376,16093,T,0.060518732,C,0.939481268
377,8541,G,0.96,A,0.04
377,12684,G,0.963800905,A,0.036199095
377,12772,G,0.963888889,A,0.036111111
377,13062,A,0.971590909,G,0.028409091
377,13095,T,0.979591837,C,0.020408163
377,13105,A,0.977777778,G,0.022222222
379,12684,G,0.976744186,A,0.023255814
379,12699,A,0.021538462,G,0.978461538
380,12684,G,0.979472141,A,0.020527859
382,8686,T,0.823529412,C,0.176470588
383,11296,C,0.93957115,T,0.058479532
383,12684,G,0.966981132,A,0.028301887
386,1927,G,0.943615257,A,0.056384743
387,4472,T,0.752873563,A,0.247126437
388,10306,A,0.946927374,C,0.053072626
388,16192,C,0.086230876,T,0.913769124
389,204,T,0.972809668,C,0.027190332
389,2425,A,0.975884244,G,0.024115756
389,16093,T,0.027075812,C,0.972924188
390,5237,G,0.924050633,A,0.075949367
394,10567,T,0.952380952,C,0.047619048
394,12684,G,0.977832512,A,0.022167488
394,13062,A,0.979002625,G,0.020997375
395,204,T,0.975384615,C,0.021538462
395,9142,G,0.215106732,A,0.784893268
399,709,G,0.954365079,A,0.045634921
399,15851,A,0.548,G,0.452
401,533,A,0.612440191,G,0.387559809
401,9377,A,0.9775,G,0.0225
401,13225,G,0.036211699,A,0.963788301
402,9325,T,0.935240964,C,0.064759036
403,12684,G,0.970903522,A,0.029096478
404,1811,A,0.02195122,G,0.97804878
404,4561,T,0.022900763,C,0.977099237
404,12684,G,0.975124378,A,0.024875622
405,9343,G,0.972789116,A,0.024943311
405,12501,G,0.020446097,A,0.979553903
406,5978,A,0.950391645,G,0.049608355
406,9915,G,0.974413646,A,0.025586354
406,15779,T,0.953596288,C,0.046403712
409,16173,C,0.192872117,T,0.807127883
411,6260,G,0.023584906,A,0.976415094
412,6446,G,0.789308176,A,0.210691824
412,10398,A,0.022026432,G,0.977973568
412,12612,A,0.026509573,G,0.973490427
412,13145,G,0.030952381,A,0.969047619
412,13708,G,0.020926756,A,0.977578475
412,14798,T,0.020645161,C,0.979354839
414,2695,G,0.958833619,A,0.041166381
414,10306,A,0.943283582,C,0.056716418
414,16444,C,0.975308642,T,0.024691358
415,7534,C,0.944444444,T,0.055555556
415,12501,G,0.022160665,A,0.977839335
416,204,T,0.95625,C,0.04375
418,1811,A,0.042471042,G,0.953667954
418,2952,T,0.845559846,C,0.154440154
418,3083,T,0.941463415,C,0.058536585
418,3116,C,0.92195122,T,0.07804878
418,7028,C,0.058295964,T,0.941704036
418,7765,A,0.606870229,G,0.393129771
418,9039,G,0.964968153,A,0.035031847
418,9055,G,0.056338028,A,0.940140845
418,9093,A,0.052264808,G,0.947735192
418,9698,T,0.025547445,C,0.974452555
418,11467,A,0.022727273,G,0.977272727
418,13050,A,0.027777778,G,0.972222222
421,146,T,0.928909953,C,0.071090047
421,16093,T,0.044444444,C,0.955555556
423,12684,G,0.974885845,A,0.025114155
425,2377,G,0.968641115,A,0.031358885
425,4655,G,0.033653846,A,0.966346154
425,8020,G,0.021479714,A,0.978520286
430,1438,A,0.480769231,G,0.519230769
433,2728,C,0.97027027,A,0.02972973
433,8230,C,0.975,A,0.025
433,11162,C,0.975877193,A,0.021929825
433,12737,C,0.97815534,A,0.02184466
433,13453,C,0.97260274,A,0.024657534
447,6701,A,0.951612903,G,0.048387097
450,16296,C,0.155367232,T,0.844632768
452,12612,A,0.021705426,G,0.978294574
455,7754,G,0.924752475,A,0.073267327
455,12684,G,0.979591837,A,0.020408163
455,12835,G,0.968208092,C,0.031791908
456,4580,G,0.02027027,A,0.97972973
456,7028,C,0.029268293,T,0.970731707
456,12684,G,0.976608187,A,0.023391813
456,15323,G,0.957307061,A,0.041050903
456,16093,T,0.440414508,C,0.559585492
456,16292,C,0.615511551,T,0.384488449
458,824,T,0.974637681,C,0.025362319
458,4927,T,0.850107066,C,0.149892934
458,6419,A,0.930029155,C,0.069970845
458,13105,A,0.962722853,G,0.037277147
459,13317,G,0.883561644,A,0.116438356
460,6464,C,0.171314741,G,0.828685259
461,5460,G,0.021341463,A,0.978658537
461,5463,C,0.035294118,T,0.964705882
462,11711,G,0.974110032,A,0.024271845
462,16265,A,0.940074906,G,0.059925094
463,228,G,0.02166065,A,0.974729242
463,3535,T,0.948333333,C,0.051666667
464,1900,A,0.971857411,C,0.026266417
466,9698,T,0.028301887,C,0.971698113
466,11923,A,0.022727273,G,0.973484848
466,16319,G,0.023923445,A,0.976076555
468,11778,G,0.905775076,A,0.09118541
469,1719,G,0.279672578,A,0.720327422
470,13020,T,0.912568306,C,0.087431694
471,489,T,0.970967742,C,0.029032258
472,10388,A,0.8956743,G,0.1043257
472,16093,T,0.060240964,C,0.939759036
473,64,C,0.834123223,T,0.161137441
473,12684,G,0.974358974,A,0.025641026
473,15833,C,0.020547945,T,0.979452055
475,1005,T,0.280141844,C,0.714539007
477,204,T,0.968609865,C,0.031390135
478,16519,T,0.093093093,C,0.903903904
479,2960,T,0.944591029,C,0.055408971
479,13666,A,0.696428571,G,0.303571429
480,16293,A,0.039039039,G,0.960960961
482,12612,A,0.023809524,G,0.974206349
483,12684,G,0.979757085,A,0.020242915
483,16259,C,0.6256,T,0.3744
485,16093,T,0.073369565,C,0.926630435
486,2636,G,0.953667954,C,0.030888031
486,3016,G,0.970899471,C,0.029100529
486,16093,T,0.055276382,C,0.944723618
487,10034,T,0.966573816,C,0.033426184
487,12715,A,0.904362416,G,0.095637584
488,12684,G,0.968831169,A,0.031168831
489,793,C,0.860248447,T,0.136645963
489,7686,T,0.977744807,C,0.022255193
490,1089,T,0.965753425,C,0.034246575
491,12684,G,0.97962963,A,0.02037037
491,16259,C,0.975560081,T,0.024439919
495,8568,C,0.721122112,T,0.278877888
495,16093,T,0.056976744,C,0.941860465
497,7658,G,0.968468468,A,0.031531532
499,467,C,0.825454545,T,0.174545455
500,3862,T,0.954347826,C,0.045652174
500,12684,G,0.974545455,A,0.025454545
500,16093,T,0.03250478,C,0.96749522
501,12684,G,0.978609626,A,0.021390374
502,6323,A,0.026066351,G,0.973933649
505,8188,A,0.976391231,G,0.023608769
507,16090,T,0.059732235,C,0.940267765
507,16158,A,0.935004643,G,0.064066852
508,2596,G,0.975609756,A,0.024390244
508,15777,G,0.905511811,A,0.094488189
514,16093,T,0.036193029,C,0.963806971
514,16245,C,0.9497307,T,0.0502693
561,7424,A,0.034188034,G,0.965811966
561,10136,A,0.955074875,G,0.044925125
568,12457,G,0.971539457,A,0.028460543
579,15388,T,0.971900826,C,0.028099174
579,16124,T,0.603669725,C,0.396330275
591,1255,T,0.97574124,C,0.02425876
618,16093,T,0.369346734,C,0.630653266
643,7822,A,0.974310181,G,0.025689819
661,16266,C,0.428940568,T,0.571059432
665,8380,T,0.974955277,C,0.025044723
673,16126,T,0.024590164,C,0.975409836
699,7317,A,0.974193548,G,0.025806452
699,9801,G,0.964673913,T,0.035326087
699,12684,G,0.979876161,A,0.020123839
701,3475,A,0.965957447,G,0.034042553
701,16187,C,0.473333333,T,0.524444444
702,2163,A,0.861591696,G,0.134948097
702,6342,A,0.976470588,G,0.023529412
703,6054,G,0.800759013,A,0.197343454
704,146,T,0.966836735,C,0.033163265
704,2593,G,0.977477477,A,0.022522523
704,4123,A,0.960552268,G,0.039447732
705,3744,A,0.545073375,G,0.454926625
705,11320,A,0.971255673,G,0.028744327
706,709,G,0.64587156,A,0.352293578
707,11684,T,0.971387697,C,0.028612303
707,16104,C,0.047413793,T,0.952586207
708,146,T,0.966555184,C,0.033444816
709,12771,G,0.020952381,A,0.979047619
709,16286,C,0.024054983,T,0.974226804
712,16093,T,0.024590164,C,0.975409836
715,11662,T,0.975056689,C,0.024943311
715,12684,G,0.977319588,A,0.022680412
716,16093,T,0.05801105,C,0.94198895
721,8119,T,0.977391304,C,0.022608696
721,11653,A,0.027777778,G,0.972222222
721,15927,G,0.951911221,A,0.048088779
724,13062,A,0.977419355,G,0.022580645
726,14674,T,0.917926566,C,0.079913607
727,5073,A,0.962686567,G,0.035447761
729,4612,T,0.974842767,C,0.025157233
731,16234,C,0.972644377,T,0.027355623
735,14850,C,0.97112462,T,0.027355623
735,16093,T,0.02955665,C,0.97044335
736,1738,T,0.957236842,C,0.039473684
736,8454,A,0.580536913,G,0.419463087
741,12684,G,0.975476839,A,0.024523161
741,16196,G,0.969863014,A,0.030136986
741,16318,A,0.945714286,G,0.054285714
743,146,T,0.966789668,C,0.033210332
743,3483,G,0.969512195,A,0.030487805
743,6022,A,0.930973451,G,0.067256637
743,10357,T,0.932944606,C,0.067055394
744,3047,G,0.971861472,A,0.028138528
744,16111,C,0.228040541,A,0.771959459
745,3866,T,0.962264151,C,0.035639413
746,12684,G,0.97606383,A,0.02393617
747,16311,T,0.975133215,C,0.024866785
748,11618,G,0.959619952,A,0.038004751
749,1830,G,0.93931732,A,0.06068268
749,2585,G,0.950693374,A,0.047765794
749,4728,A,0.970940171,G,0.029059829
749,5978,A,0.960416667,G,0.039583333
750,8095,A,0.359430605,G,0.640569395
751,1632,T,0.938023451,C,0.061139028
751,16093,T,0.02349486,C,0.97650514
752,9685,T,0.979180221,C,0.020819779
753,9308,A,0.477250247,G,0.522749753
754,16092,T,0.041772152,C,0.958227848
754,16126,T,0.437659033,C,0.562340967
755,195,T,0.860841424,C,0.139158576
755,3483,G,0.878116343,A,0.110803324
756,7861,T,0.968907563,C,0.031092437
756,15458,T,0.969416126,C,0.030583874
757,9077,T,0.389067524,C,0.610932476
758,8152,G,0.957393484,A,0.041771094
758,12684,G,0.977038797,A,0.022961203
758,16093,T,0.058869702,C,0.940345369
759,3850,G,0.970363289,A,0.029636711
759,12684,G,0.976645435,A,0.023354565
760,10068,G,0.973244147,A,0.026755853
760,15498,G,0.520179372,A,0.479820628
760,16266,C,0.976890756,T,0.023109244
761,14918,G,0.975609756,A,0.023452158
761,15282,T,0.976811594,C,0.023188406
762,15122,A,0.723296888,G,0.275862069
763,1383,A,0.954716981,G,0.044339623
764,12684,G,0.962053571,A,0.035714286
764,16086,T,0.941314554,C,0.058685446
765,12612,A,0.032160804,G,0.967839196
765,12684,G,0.973544974,A,0.025396825
765,13062,A,0.97353914,G,0.025358324
765,13095,T,0.976091476,C,0.022869023
765,13105,A,0.977091633,G,0.022908367
766,1819,T,0.979411765,C,0.020588235
766,12684,G,0.957831325,A,0.042168675
767,16154,T,0.872972973,C,0.127027027
768,195,T,0.023489933,C,0.976510067
768,12441,T,0.977272727,C,0.022727273
769,8963,C,0.766612642,T,0.233387358
770,5277,T,0.843834688,C,0.156165312
771,593,T,0.918899348,C,0.081100652
771,16325,T,0.588530466,C,0.411469534
772,8387,G,0.836521739,A,0.162608696
773,482,T,0.971149372,C,0.028385295
773,4205,T,0.974549311,C,0.025450689
774,8473,T,0.95132128,C,0.04867872
774,11467,A,0.02007722,G,0.97992278
775,195,T,0.977086743,C,0.022913257
775,5970,G,0.961320268,A,0.038164002
776,8158,A,0.961389961,G,0.038610039
777,16278,C,0.947670901,T,0.052329099
778,13135,G,0.020236088,A,0.979763912
778,15804,T,0.814032122,C,0.18512257
779,11453,G,0.584507042,A,0.415492958
779,15734,G,0.956,A,0.043333333
780,3184,C,0.931688805,A,0.068311195
781,12684,G,0.979562044,A,0.020437956
781,16177,A,0.032210835,G,0.967789165
782,16093,T,0.025367156,C,0.974632844
783,13062,A,0.978090767,G,0.021909233
784,152,T,0.942386831,C,0.057613169
784,12619,T,0.977329975,C,0.022670025
784,12684,G,0.978622328,A,0.021377672
785,8950,G,0.750708215,A,0.249291785
785,9187,T,0.54610564,C,0.45389436
786,3010,G,0.951421801,A,0.048578199
786,12684,G,0.979706877,A,0.020293123
787,13117,A,0.02124183,G,0.97875817
787,13145,G,0.020408163,A,0.979591837
788,16344,C,0.740440324,T,0.259559676
789,16093,T,0.026717557,C,0.973282443
789,16104,C,0.038498556,T,0.96053898
790,152,T,0.93371059,C,0.06628941
791,16399,A,0.95308642,G,0.046419753
792,152,T,0.088888889,C,0.911111111
793,16093,T,0.057113188,C,0.94184839
794,4216,T,0.969125214,C,0.030874786
794,8598,T,0.020700637,C,0.977707006
794,12963,C,0.036945813,T,0.963054187
794,16093,T,0.087899543,C,0.912100457
